StockCode,Description,UnitPrice
22752,SET 7 BABUSHKA NESTING BOXES,7.65
22748,POPPY'S PLAYHOUSE KITCHEN,2.1
22623,BOX OF VINTAGE JIGSAW BLOCKS ,4.95
22622,BOX OF VINTAGE ALPHABET BLOCKS,9.95
22912,YELLOW COAT RACK PARIS FASHION,4.95
22914,BLUE COAT RACK PARIS FASHION,4.95
21883,STARS GIFT TAPE ,0.65
10002,INFLATABLE POLITICAL GLOBE ,0.85
22629,SPACEBOY LUNCH BOX ,1.95
21258,VICTORIAN SEWING BOX LARGE,10.95
20723,STRAWBERRY CHARLOTTE BAG,0.85
21559,STRAWBERRY LUNCH BOX WITH CUTLERY,2.55
22352,LUNCH BOX WITH CUTLERY RETROSPOT ,2.55
21212,PACK OF 72 RETROSPOT CAKE CASES,0.42
21977,PACK OF 60 PINK PAISLEY CAKE CASES,0.55
85183B,CHARLIE & LOLA WASTEPAPER BIN FLORA,1.25
84854,GIRLY PINK TOOL SET,4.95
71270,PHOTO CLIP LINE,1.25
22262,FELT EGG COSY CHICKEN,0.85
22637,PIGGY BANK RETROSPOT ,2.55
22083,PAPER CHAIN KIT RETROSPOT,2.95
22261,FELT EGG COSY WHITE RABBIT ,0.85
21557,SET OF 6 FUNKY BEAKERS,2.95
22176,BLUE OWL SOFT TOY,2.95
21832,CHOCOLATE CALCULATOR,1.65
22379,RECYCLING BAG RETROSPOT ,2.1
22470,HEART OF WICKER LARGE,2.55
79321,CHILLI LIGHTS,3.82
22466,FAIRY TALE COTTAGE NIGHTLIGHT,1.45
21622,VINTAGE UNION JACK CUSHION COVER,4.95
22968,ROSE COTTAGE KEEPSAKE BOX ,8.5
21485,RETROSPOT HEART HOT WATER BOTTLE,4.25
84030E,ENGLISH ROSE HOT WATER BOTTLE,3.75
22174,PHOTO CUBE,1.48
21984,PACK OF 12 PINK PAISLEY TISSUES ,0.29
21983,PACK OF 12 BLUE PAISLEY TISSUES ,0.29
21484,CHICK GREY HOT WATER BOTTLE,3.45
22557,PLASTERS IN TIN VINTAGE PAISLEY ,1.65
22553,PLASTERS IN TIN SKULLS,1.65
21485,RETROSPOT HEART HOT WATER BOTTLE,4.95
22558,CLOTHES PEGS RETROSPOT PACK 24 ,1.25
22652,TRAVEL SEWING KIT,1.65
21212,PACK OF 72 RETROSPOT CAKE CASES,0.55
22468,BABUSHKA LIGHTS STRING OF 10,6.75
22752,SET 7 BABUSHKA NESTING BOXES,8.5
22449,SILK PURSE BABUSHKA PINK,3.35
22112,CHOCOLATE HOT WATER BOTTLE,4.95
21479,WHITE SKULL HOT WATER BOTTLE ,3.75
22100,SKULLS SQUARE TISSUE BOX,1.25
84744,S/6 SEW ON CROCHET FLOWERS,1.25
21328,BALLOONS  WRITING SET ,1.65
84510A,SET OF 4 ENGLISH ROSE COASTERS,1.25
22809,SET OF 6 T-LIGHTS SANTA,2.95
20963,APPLE BATH SPONGE,1.25
20961,STRAWBERRY BATH SPONGE ,1.25
22068,BLACK PIRATE TREASURE CHEST,1.65
21743,STAR PORTABLE TABLE LIGHT ,2.95
21744,SNOWFLAKE PORTABLE TABLE LIGHT ,2.95
20992,JAZZ HEARTS PURSE NOTEBOOK,0.85
84030E,ENGLISH ROSE HOT WATER BOTTLE,4.25
22837,HOT WATER BOTTLE BABUSHKA ,4.25
85049D,BRIGHT BLUES RIBBONS ,1.25
85049G,CHOCOLATE BOX RIBBONS ,1.25
21061,PARTY INVITES FOOTBALL,0.85
21063,PARTY INVITES JAZZ HEARTS,0.85
84380,SET OF 3 BUTTERFLY COOKIE CUTTERS,1.25
84378,SET OF 3 HEART COOKIE CUTTERS,1.25
22964,3 PIECE SPACEBOY COOKIE CUTTER SET,2.1
21213,PACK OF 72 SKULL CAKE CASES,0.55
22417,PACK OF 60 SPACEBOY CAKE CASES,0.55
84992,72 SWEETHEART FAIRY CAKE CASES,0.55
20728,LUNCH BAG CARS BLUE,1.65
20727,LUNCH BAG  BLACK SKULL.,1.65
22296,HEART IVORY TRELLIS LARGE,1.65
20982,12 PENCILS TALL TUBE SKULLS,0.85
21544,SKULLS  WATER TRANSFER TATTOOS ,0.85
22418,10 COLOUR SPACEBOY PEN,0.85
22178,VICTORIAN GLASS HANGING T-LIGHT,1.25
22706,WRAP COWBOYS  ,0.42
22371,AIRLINE BAG VINTAGE TOKYO 78,4.25
16237,SLEEPING CAT ERASERS,0.21
22785,SQUARECUSHION COVER PINK UNION FLAG,6.75
22568,FELTCRAFT CUSHION OWL,3.75
21866,UNION JACK FLAG LUGGAGE TAG,1.25
22109,FULL ENGLISH BREAKFAST PLATE,3.75
21678,PAISLEY PATTERN  STICKERS,0.85
21676,FLOWERS  STICKERS,0.85
84906,PINK B'FLY C/COVER W BOBBLES,5.95
21867,PINK UNION JACK  LUGGAGE TAG,1.25
20717,STRAWBERRY SHOPPER BAG,1.25
22759,SET OF 3 NOTEBOOKS IN PARCEL,1.65
22837,HOT WATER BOTTLE BABUSHKA ,4.65
22570,FELTCRAFT CUSHION RABBIT,3.75
22569,FELTCRAFT CUSHION BUTTERFLY,3.75
22968,ROSE COTTAGE KEEPSAKE BOX ,9.95
22179,SET 10 LIGHTS NIGHT OWL,6.75
22738,RIBBON REEL SNOWY VILLAGE,1.65
22470,HEART OF WICKER LARGE,2.95
22147,FELTCRAFT BUTTERFLY HEARTS,1.45
22694,WICKER STAR ,2.1
21916,SET 12 RETRO WHITE CHALK STICKS,0.42
22551,PLASTERS IN TIN SPACEBOY,1.65
85049H,URBAN BLACK RIBBONS ,1.25
22938,CUPCAKE LACE PAPER SET 6,1.95
22113,GREY HEART HOT WATER BOTTLE,3.75
22357,KINGS CHOICE BISCUIT TIN,4.25
21481,FAWN BLUE HOT WATER BOTTLE,2.95
79321,CHILLI LIGHTS,4.95
10133,COLOURING PENCILS BROWN TUBE,0.85
20774,GREEN FERN NOTEBOOK,1.65
20773,BLUE PAISLEY NOTEBOOK,1.65
16016,LARGE CHINESE STYLE SCISSOR,0.85
22618,COOKING SET RETROSPOT,9.95
22152,PLACE SETTING WHITE STAR,0.42
84754,S/15 SILVER GLASS BAUBLES IN BAG,1.25
90200B,BLACK SWEETHEART BRACELET,4.25
90200C,BLUE SWEETHEART BRACELET,4.25
90200D,PINK SWEETHEART BRACELET,4.25
90200A,PURPLE SWEETHEART BRACELET,4.25
16258A,SWIRLY CIRCULAR RUBBERS IN BAG,0.42
21992,VINTAGE PAISLEY STATIONERY SET,2.95
85095,THREE CANVAS LUGGAGE TAGS,1.95
22333,RETROSPOT PARTY BAG + STICKER SET,1.65
22558,CLOTHES PEGS RETROSPOT PACK 24 ,1.49
22956,36 FOIL HEART CAKE CASES,2.1
22582,PACK OF 6 SWEETIE GIFT BOXES,2.55
21327,SKULLS WRITING SET ,1.65
21621,VINTAGE UNION JACK BUNTING,8.5
21577,SAVE THE PLANET COTTON TOTE BAG,2.25
22087,PAPER BUNTING WHITE LACE,2.95
22376,AIRLINE BAG VINTAGE JET SET WHITE,4.25
21794,CLASSIC FRENCH STYLE BASKET NATURAL,6.75
22107,PIZZA PLATE IN BOX,3.75
22151,PLACE SETTING WHITE HEART,0.42
22099,CARAVAN SQUARE TISSUE BOX,1.25
22653,BUTTON BOX ,1.95
22955,36 FOIL STAR CAKE CASES ,2.1
22092,BLUE PAISLEY TISSUE BOX,1.25
22096,PINK PAISLEY SQUARE TISSUE BOX ,1.25
71406C,BLACK ORANGE SQUEEZER,0.42
21111,"SWISS ROLL TOWEL, CHOCOLATE  SPOTS",2.95
22501,PICNIC BASKET WICKER LARGE,9.95
47599A,PINK PARTY BAGS,2.1
47599B,BLUE PARTY BAGS ,2.1
84968C,SET OF 16 VINTAGE PISTACHIO CUTLERY,12.75
84563A,PINK & WHITE BREAKFAST TRAY,5.95
47504H,ENGLISH ROSE SPIRIT LEVEL ,1.95
15044B,BLUE PAPER PARASOL ,2.95
22626,BLACK KITCHEN SCALES,8.5
22624,IVORY KITCHEN SCALES,8.5
84569B,PACK 3 FIRE ENGINE/CAR PATCHES,1.25
22584,PACK OF 6 PANNETONE GIFT BOXES,2.55
22445,PENCIL CASE LIFE IS BEAUTIFUL,2.95
21258,VICTORIAN SEWING BOX LARGE,12.75
22360,GLASS JAR ENGLISH CONFECTIONERY,2.95
21625,VINTAGE UNION JACK APRON,6.95
22097,SWALLOW SQUARE TISSUE BOX,1.25
22185,SLATE TILE NATURAL HANGING,1.65
85104,SILVER GLASS T-LIGHT SET,2.95
84692,BOX OF 24 COCKTAIL PARASOLS,0.42
22444,GROW YOUR OWN PLANT IN A CAN ,1.06
21982,PACK OF 12 SUKI TISSUES ,0.29
21967,PACK OF 12 SKULL TISSUES,0.29
22614,PACK OF 12 SPACEBOY TISSUES,0.29
84050,PINK HEART SHAPE EGG FRYING PAN,1.25
22667,RECIPE BOX RETROSPOT ,2.95
22800,ANTIQUE TALL SWIRLGLASS TRINKET POT,3.75
22171,3 HOOK PHOTO SHELF ANTIQUE WHITE,8.5
21576,LETS GO SHOPPING COTTON TOTE BAG,2.25
22493,PAINT YOUR OWN CANVAS SET,1.65
85136A,YELLOW SHARK HELICOPTER,7.95
21055,TOOL BOX SOFT TOY ,8.95
C2,CARRIAGE,50.0
22466,FAIRY TALE COTTAGE NIGHTLIGHT,1.95
22174,PHOTO CUBE,1.65
84920,PINK FLOWER FABRIC PONY,3.75
22786,CUSHION COVER PINK UNION JACK,5.95
85232B,SET OF 3 BABUSHKA STACKING TINS,4.95
84685,BEACH HUT KEY CABINET,3.75
79321,CHILLI LIGHTS,4.25
22278,OVERNIGHT BAG VINTAGE ROSE PAISLEY,4.95
84884A,ANT WHITE WIRE HEART SPIRAL,3.95
51014C,"FEATHER PEN,COAL BLACK",0.85
51014L,"FEATHER PEN,LIGHT PINK",0.85
51014A,"FEATHER PEN,HOT PINK",0.85
84870C,GREEN GEISHA GIRL ,3.75
84870B,BLUE GEISHA GIRL ,3.75
22113,GREY HEART HOT WATER BOTTLE,3.39
22696,WICKER WREATH LARGE,1.95
22444,GROW YOUR OWN PLANT IN A CAN ,1.25
21352,EUCALYPTUS & PINECONE  WREATH,6.75
22855,FINE WICKER HEART ,1.25
21864,UNION JACK FLAG PASSPORT COVER ,1.69
20727,LUNCH BAG  BLACK SKULL.,1.45
85038,6 CHOCOLATE LOVE HEART T-LIGHTS,1.69
20971,PINK BLUE FELT CRAFT TRINKET BOX,1.06
22147,FELTCRAFT BUTTERFLY HEARTS,1.25
84032A,CHARLIE+LOLA PINK HOT WATER BOTTLE,2.95
22421,LIPSTICK PEN FUSCHIA,0.42
90214V,"LETTER ""V"" BLING KEY RING",1.25
90214S,"LETTER ""S"" BLING KEY RING",1.25
90214J,"LETTER ""J"" BLING KEY RING",1.25
21888,BINGO SET,3.75
20978,36 PENCILS TUBE SKULLS,1.25
20768,GREEN FERN JOURNAL ,2.55
22081,RIBBON REEL FLORA + FAUNA ,1.65
22260,FELT EGG COSY BLUE RABBIT ,0.85
22136,LOVE HEART SOCK HANGER,1.65
20755,BLUE PAISLEY POCKET BOOK,0.85
21421,PORCELAIN ROSE LARGE ,1.25
21356,TOAST ITS - FAIRY FLOWER,1.25
22179,SET 10 LIGHTS NIGHT OWL,5.95
21743,STAR PORTABLE TABLE LIGHT ,2.55
22564,ALPHABET STENCIL CRAFT,1.25
21215,IVORY PAPER CUP CAKE CASES ,0.42
21977,PACK OF 60 PINK PAISLEY CAKE CASES,0.42
21060,PARTY INVITES BALLOON GIRL,0.85
21719,LOVELY BONBON STICKER SHEET,0.85
21881,CUTE CATS TAPE,0.65
10135,COLOURING PENCILS BROWN TUBE,1.25
22422,TOOTHPASTE TUBE PEN,0.65
21355,TOAST ITS - I LOVE YOU ,1.25
22432,WATERING CAN PINK BUNNY,1.95
22431,WATERING CAN BLUE ELEPHANT,1.95
84674,FLYING PIG WATERING CAN,2.95
22109,FULL ENGLISH BREAKFAST PLATE,3.39
22777,GLASS BELL JAR LARGE,8.5
22446,PIN CUSHION BABUSHKA PINK,3.35
22832,BROCANTE SHELF WITH HOOKS,10.75
21679,SKULLS  STICKERS,0.85
22855,FINE WICKER HEART ,1.06
79191C,RETRO PLASTIC ELEPHANT TRAY,0.85
47471,RAINBOW PEGS PHOTO CLIP STRING,0.65
84031B,CHARLIE LOLA BLUE HOT WATER BOTTLE ,4.65
22090,PAPER BUNTING RETROSPOT,2.95
21216,"SET 3 RETROSPOT TEA,COFFEE,SUGAR",4.95
21390,FILIGRIS HEART WITH BUTTERFLY,1.25
21383,PACK OF 12 STICKY BUNNIES,0.65
22375,AIRLINE BAG VINTAGE JET SET BROWN,4.25
21741,COSY SLIPPER SHOES LARGE GREEN,2.95
21288,STRIPEY CHOCOLATE NESTING BOXES,2.95
85038,6 CHOCOLATE LOVE HEART T-LIGHTS,2.1
20986,BLUE CALCULATOR RULER,1.25
22442,GROW YOUR OWN FLOWERS SET OF 3,7.95
85132A,CHARLIE + LOLA BISCUITS TINS,9.95
21987,PACK OF 6 SKULL PAPER CUPS,0.65
21988,PACK OF 6 SKULL PAPER PLATES,0.85
21989,PACK OF 20 SKULL PAPER NAPKINS,0.85
22332,SKULLS PARTY BAG + STICKER SET,1.65
22437,SET OF 9 BLACK SKULL BALLOONS,0.85
85159A,"BLACK TEA,COFFEE,SUGAR JARS",6.35
21784,SHOE SHINE BOX ,9.95
17090D,VANILLA INCENSE 40 CONES IN TIN,1.25
22450,SILK PURSE BABUSHKA BLUE,3.35
84519B,CARROT CHARLIE+LOLA COASTER SET,2.95
22862,LOVE HEART NAPKIN BOX ,4.25
22045,SPACEBOY GIFT WRAP,0.42
90180A,BLACK+WHITE NECKLACE W TASSEL,9.95
20984,12 PENCILS TALL TUBE POSY,0.85
20828,GLITTER BUTTERFLY CLIPS,2.55
85177,BASKET OF FLOWERS SEWING KIT,0.85
16156S,WRAP PINK FAIRY CAKES ,0.42
21948,SET OF 6 CAKE CHOPSTICKS,1.25
21949,SET OF 6 STRAWBERRY CHOPSTICKS,1.25
20971,PINK BLUE FELT CRAFT TRINKET BOX,1.25
85185D,FROG SOCK PUPPET,2.95
85185B,PINK HORSE SOCK PUPPET,2.95
79164,BLACK WINE GLASS,1.65
22175,PINK OWL SOFT TOY,2.95
22705,WRAP GREEN PEARS ,0.42
16237,SLEEPING CAT ERASERS,0.16
85178,VICTORIAN SEWING KIT,1.25
84692,BOX OF 24 COCKTAIL PARASOLS,0.32
22629,SPACEBOY LUNCH BOX ,1.65
21268,VINTAGE BLUE TINSEL REEL,0.42
21025,SPACE FROG,1.25
21026,SPACE OWL,1.25
21993,FLORAL FOLK STATIONERY SET,2.95
90002D,FLOWER BURST SILVER RING CRYSTAL,3.75
22777,GLASS CLOCHE LARGE,7.65
21484,CHICK GREY HOT WATER BOTTLE,2.95
22089,PAPER BUNTING VINTAGE PAISLEY,2.95
22207,FRYING PAN UNION FLAG,3.75
21925,UNION STRIPE CUSHION COVER ,1.25
21349,IVY HEART WREATH,6.75
22649,STRAWBERRY FAIRY CAKE TEAPOT,4.95
16161P,WRAP ENGLISH ROSE ,0.42
16161M,WRAP  PINK FLOCK,0.42
85214,TUB 24 PINK FLOWER PEGS,1.65
22443,GROW YOUR OWN HERBS SET OF 3,7.95
22276,WASH BAG VINTAGE ROSE PAISLEY,2.55
22503,CABIN BAG VINTAGE PAISLEY,29.95
22504,CABIN BAG VINTAGE RETROSPOT,29.95
22802,FAUX FUR CHOCOLATE THROW,19.95
85049B,LUSH GREENS RIBBONS,1.25
10123C,HEARTS WRAPPING TAPE ,0.65
20767,BLUE PAISLEY JOURNAL ,2.55
22758,LARGE PURPLE BABUSHKA NOTEBOOK  ,1.25
21882,SKULLS TAPE,0.65
22756,LARGE YELLOW BABUSHKA NOTEBOOK ,1.25
84993A,75 GREEN PETIT FOUR CASES,0.42
84520B,PACK 20 ENGLISH ROSE PAPER NAPKINS,0.85
21078,SET/20 STRAWBERRY PAPER NAPKINS ,0.85
17091J,VANILLA INCENSE IN TIN,0.85
21479,WHITE SKULL HOT WATER BOTTLE ,3.39
22112,CHOCOLATE HOT WATER BOTTLE,4.25
20728,LUNCH BAG CARS BLUE,1.45
21250,SET OF SKULL WALL STICKERS,2.95
21677,HEARTS  STICKERS,0.85
21828,EIGHT PIECE SNAKE  SET,1.25
22133,PINK LOVE HEART SHAPE CUP,0.85
21564,PINK  HEART SHAPE LOVE BUCKET ,2.95
21933,PINK VINTAGE PAISLEY PICNIC BAG,2.95
84534B,FAIRY CAKE NOTEBOOK A5 SIZE,0.85
84536A,ENGLISH ROSE NOTEBOOK A7 SIZE,0.42
47566,PARTY BUNTING,4.65
22624,IVORY KITCHEN SCALES,7.65
82616B,FRAPPUCINO SCARF KNITTING KIT,2.95
21558,SKULL LUNCH BOX WITH CUTLERY ,2.55
90151,SILVER/NATURAL SHELL NECKLACE,8.5
20854,BLUE PATCH PURSE PINK HEART,1.65
20657,TROPICAL LUGGAGE TAG,1.25
47503H,ASS FLORAL PRINT SPIRIT LEVEL ,1.95
21054,NURSE'S BAG SOFT TOY,8.95
21937,STRAWBERRY   PICNIC BAG,2.95
22359,GLASS JAR KINGS CHOICE,2.95
22362,GLASS JAR PEACOCK BATH SALTS,2.95
22417,PACK OF 60 SPACEBOY CAKE CASES,0.42
20829,GLITTER HANGING BUTTERFLY STRING,2.1
21947,SET OF 6 HEART CHOPSTICKS,1.25
21112,"SWISS ROLL TOWEL, PINK  SPOTS",2.95
17109D,FLOWER FAIRY INCENSE BOUQUET,1.69
21626,VINTAGE UNION JACK PENNANT,1.95
22563,HAPPY STENCIL CRAFT,1.25
22799,SWEETHEART WIRE FRUIT BOWL,8.5
21216,"SET 3 RETROSPOT TEA,COFFEE,SUGAR",4.25
21447,12 IVORY ROSE PEG PLACE SETTINGS,1.25
21787,RAIN PONCHO RETROSPOT,0.85
72349B,SET/6 PURPLE BUTTERFLY T-LIGHTS,2.1
17091J,VANILLA INCENSE IN TIN,1.25
84993B,75 BLACK PETIT FOUR CASES,0.42
22568,FELTCRAFT CUSHION OWL,3.39
22021,BLUE FELT EASTER EGG BASKET,1.65
35965,FOLKART HEART NAPKIN RINGS,2.95
84536B,FAIRY CAKES NOTEBOOK A7 SIZE,0.42
21110,LARGE CAKE TOWEL PINK SPOTS,6.75
21445,12 PINK ROSE PEG PLACE SETTINGS,1.25
22788,BROCANTE COAT RACK,8.5
79149B,SILICON STAR BULB  BLUE,0.42
78034B,BLUE NETTING STORAGE HANGER,1.95
79151B,"SILICON CUBE 25W, BLUE",0.42
21090,SET/6 COLLAGE PAPER PLATES,0.85
84050,PINK HEART SHAPE EGG FRYING PAN,1.65
72351A,SET/6 TURQUOISE BUTTERFLY T-LIGHTS,2.1
22439,6 ROCKET BALLOONS ,0.65
85179A,GREEN BITTY LIGHT CHAIN,4.65
21785,RAIN PONCHO ,0.85
72051S,BAG OF SILVER STONES,0.42
21864,UNION JACK FLAG PASSPORT COVER ,2.1
20764,ABSTRACT CIRCLES SKETCHBOOK ,3.75
84535B,FAIRY CAKES NOTEBOOK A6 SIZE,0.65
21723,ALPHABET HEARTS STICKER SHEET,0.85
84051,ASS COLOUR GLOWING TIARAS,0.85
20980,36 PENCILS TUBE POSY,1.25
75013B,"STRING OF 8 BUTTERFLIES,PINK",1.65
22830,UTILTY CABINET WITH HOOKS,26.95
21630,FLOOR CUSHION ELEPHANT CARNIVAL,8.95
22859,EASTER TIN BUNNY BOUQUET,1.65
21865,PINK UNION JACK  PASSPORT COVER ,2.1
20748,KENSINGTON COFFEE SET,12.75
85208,SET/12 FUNKY FELT FLOWER PEG IN BAG,2.1
22808,SET OF 6 T-LIGHTS EASTER CHICKS,2.95
21109,"LARGE CAKE TOWEL, CHOCOLATE SPOTS",6.75
84563B,BLUE & WHITE BREAKFAST TRAY,5.95
79190A,RETRO PLASTIC 70'S TRAY,0.42
15034,PAPER POCKET TRAVELING FAN ,0.14
22843,BISCUIT TIN VINTAGE GREEN,6.75
84968A,SET OF 16 VINTAGE ROSE CUTLERY,12.75
22069,BROWN  PIRATE TREASURE CHEST ,1.65
84597C,RETRO PINK BALL ASHTRAY ,1.25
90200E,GREEN SWEETHEART BRACELET,4.25
90062,CARNIVAL BRACELET,12.75
20655,QUEEN OF SKIES LUGGAGE TAG,1.25
20985,HEART CALCULATOR,1.25
22090,PAPER BUNTING RETROSPOT,2.55
18098C,PORCELAIN BUTTERFLY OIL BURNER,2.95
85016,SET OF 6 VINTAGE NOTELETS KIT,2.55
21613,S/12 VANILLA  BOTANICAL T-LIGHTS,2.95
79191B,RETRO PLASTIC POLKA TRAY,0.85
20770,ABSTRACT CIRCLE JOURNAL ,2.55
85027L,FRENCH CHATEAU LARGE PLATTER ,7.95
21167,WHITE SAGE INCENSE,0.21
51008,AFGHAN SLIPPER SOCK PAIR,3.45
22811,SET OF 6 T-LIGHTS CACTI ,2.95
22052,VINTAGE CARAVAN GIFT WRAP,0.42
22389,PAPERWEIGHT SAVE THE PLANET,2.55
84840,SWEETHEART CARRY-ALL BASKET,8.5
22622,BOX OF VINTAGE ALPHABET BLOCKS,8.5
22280,POCKET BAG PINK PAISELY BROWN SPOT,1.25
21675,BUTTERFLIES STICKERS,0.85
21720,CAKE SHOP  STICKER SHEET,0.85
84968F,SET OF 16 VINTAGE SKY BLUE CUTLERY,12.75
21289,LARGE STRIPES CHOCOLATE GIFT BAG,1.25
20903,VINTAGE KEEPSAKE BOX TRAVELOGUE,6.35
71403,"PINK/WHITE ""KEEP CLEAN"" BULLET BIN",2.95
84926A,WAKE UP COCKEREL TILE COASTER,1.25
84711A,SILVER OVAL SHAPE TRINKET BOX,9.95
16169N,WRAP BLUE RUSSIAN FOLKART,0.42
84522,PINK PARTY SUNGLASSES,1.95
21725,SWEETIES  STICKERS,0.85
72351B,SET/6 PINK  BUTTERFLY T-LIGHTS,2.1
21089,SET/6 GREEN SPRING PAPER CUPS,0.65
84912A,PINK ROSE WASHBAG,3.75
21827,EIGHT PIECE CREEPY CRAWLIE SET,1.25
22570,FELTCRAFT CUSHION RABBIT,3.39
22569,FELTCRAFT CUSHION BUTTERFLY,3.39
17007B,S/3 POT POURI CUSHIONS BLUE COLOURS,2.1
21481,FAWN BLUE HOT WATER BOTTLE,2.55
22085,PAPER CHAIN KIT SKULLS ,2.95
47586A,PINK FAIRY CAKE CUSHION COVER,2.55
85183B,CHARLIE & LOLA WASTEPAPER BIN FLORA,3.75
15044C,PURPLE PAPER PARASOL,2.95
22788,BROCANTE COAT RACK,9.95
22050,PINK PAISLEY ROSE GIFT WRAP,0.42
22777,GLASS CLOCHE LARGE,8.5
16169K,WRAP FOLK ART,0.42
22693,GROW A FLYTRAP OR SUNFLOWER IN TIN,1.25
22470,HEART OF WICKER LARGE,3.21
20857,BLUE ROSE PATCH PURSE PINK BUTTERFL,1.65
21627,ELEPHANT CARNIVAL POUFFE,14.95
22379,RECYCLING BAG RETROSPOT ,1.85
17091J,VANILLA INCENSE IN TIN,0.38
84725,FREESTYLE CANVAS ART PICTURE,4.25
84912B,GREEN ROSE WASHBAG,3.75
22613,PACK OF 20 SPACEBOY NAPKINS,0.85
20839,FRENCH PAISLEY CUSHION COVER ,2.95
22178,VICTORIAN GLASS HANGING T-LIGHT,1.06
20762,GREEN FERN SKETCHBOOK ,3.75
22830,UTILTY CABINET WITH HOOKS,19.84
22207,FRYING PAN UNION FLAG,4.25
90214C,"LETTER ""C"" BLING KEY RING",1.25
90214B,"LETTER ""B"" BLING KEY RING",1.25
90214K,"LETTER ""K"" BLING KEY RING",1.25
84910A,PINK PAISLEY CUSHION COVER ,5.95
20618,QUEEN OF THE SKIES PASSPORT COVER ,2.1
22501,PICNIC BASKET WICKER LARGE,8.5
84415B,BLUE FLOCK CUSHION COVER ,3.75
20906,VINTAGE NOTEBOOK BEAUTY GIRL,2.95
22083,PAPER CHAIN KIT RETROSPOT,2.55
47566,PARTY BUNTING,3.75
90173,PAIR BUTTERFLY HAIR CLIPS,3.75
21215,IVORY PAPER CUP CAKE CASES ,0.55
20761,BLUE PAISLEY SKETCHBOOK,3.75
51008,AFGHAN SLIPPER SOCK PAIR,2.95
22138,BAKING SET 9 PIECE RETROSPOT ,4.95
22171,3 HOOK PHOTO SHELF ANTIQUE WHITE,7.65
22703,PINK CAT BOWL,2.1
21628,TRIANGULAR POUFFE VINTAGE ,14.95
22956,36 FOIL HEART CAKE CASES,1.85
21051,RIBBONS PURSE ,2.1
79190B,RETRO PLASTIC POLKA TRAY,0.42
22830,UTILTY CABINET WITH HOOKS,19.94
37333,"RETRO ""TEA FOR ONE"" ",4.95
20758,ABSTRACT CIRCLES POCKET BOOK,0.85
21879,HEARTS GIFT TAPE,0.65
84798A,PINK FOXGLOVE ARTIIFCIAL FLOWER,2.55
22230,JIGSAW TREE WITH WATERING CAN,0.85
84913A,SOFT PINK ROSE TOWEL ,4.65
84843,WHITE SOAP RACK WITH 2 BOTTLES,5.95
21562,HAWAIIAN GRASS SKIRT ,1.25
22308,TEA COSY BLUE STRIPE,2.55
20654,FIRST CLASS LUGGAGE TAG ,1.25
84637,KITCHEN FLOWER POTS WALL PLAQUE,5.95
16236,KITTY PENCIL ERASERS,0.21
16169P,WRAP GREEN RUSSIAN FOLKART ,0.42
90081C,LILY BROOCH OLIVE COLOUR,4.95
16054,POPART RECT PENCIL SHARPENER ASST,0.42
22628,PICNIC BOXES SET OF 3 RETROSPOT ,4.95
22377,BOTTLE BAG RETROSPOT ,2.1
81950V,FLOWER PURPLE CLOCK W/SUCKER,0.85
84754,S/15 SILVER GLASS BAUBLES IN BAG,1.06
72351B,SET/6 PINK  BUTTERFLY T-LIGHTS,1.69
22393,PAPERWEIGHT VINTAGE COLLAGE,2.55
47599B,BLUE PARTY BAGS ,1.69
84380,SET OF 3 BUTTERFLY COOKIE CUTTERS,1.06
16225,RATTLE SNAKE EGGS,1.25
22420,LIPSTICK PEN BABY PINK,0.42
90186B,CRYSTAL HOOP EARRING FLORAL LEAF,2.95
90067A,PINK VINTAGE VICTORIAN EARRINGS,2.95
22858,EASTER TIN KEEPSAKE,1.65
22623,BOX OF VINTAGE JIGSAW BLOCKS ,4.25
21717,EASTER TIN BUCKET,2.1
16218,CARTOON  PENCIL SHARPENERS,0.16
47593A,CAROUSEL PONIES BABY BIB,1.25
21027,NINJA RABBIT PINK,1.25
85136B,BLUE SHARK HELICOPTER,7.95
16216,LETTER SHAPE PENCIL SHARPENER,0.16
21888,BINGO SET,3.39
84922,PINK BUTTERFLY WASHBAG,4.25
85183A,CHARLIE & LOLA WASTEPAPER BIN BLUE,3.75
72349B,SET/6 PURPLE BUTTERFLY T-LIGHTS,1.69
84927E,FLOWERS TILE HOOK,2.1
22377,BOTTLE BAG RETROSPOT ,0.85
21882,SKULLS TAPE,0.19
21879,HEARTS GIFT TAPE,0.19
10135,COLOURING PENCILS BROWN TUBE,0.42
21883,STARS GIFT TAPE ,0.19
22611,VINTAGE UNION JACK SHOPPING BAG,4.95
90147,CHUNKY SILVER NECKLACE PASTEL FLOWE,9.95
90032,IVORY SHELL HEART NECKLACE,6.25
20847,ZINC HEART LATTICE CHARGER LARGE,3.75
20826,SILVER APERITIF GLASS,2.12
21145,ANTIQUE GLASS PLACE SETTING,1.25
22723,SET OF 6 HERB TINS SKETCHBOOK,3.95
84313C,ORANGE TV TRAY TABLE ,4.25
84313B,BLUE TV TRAY TABLE ,4.25
21109,LARGE CAKE TOWEL CHOCOLATE SPOTS,1.95
21110,LARGE CAKE TOWEL PINK SPOTS,1.95
21111,"SWISS ROLL TOWEL, CHOCOLATE  SPOTS",1.25
21112,"SWISS ROLL TOWEL, PINK  SPOTS",1.25
22371,AIRLINE BAG VINTAGE TOKYO 78,3.75
22375,AIRLINE BAG VINTAGE JET SET BROWN,3.95
22656,VINTAGE BLUE KITCHEN CABINET,125.0
22782,SET 3 WICKER STORAGE BASKETS ,9.95
18098C,PORCELAIN BUTTERFLY OIL BURNER,2.55
22504,CABIN BAG VINTAGE RETROSPOT,12.75
84927A,WAKE UP COCKEREL TILE HOOK,2.1
22721,SET OF 3 CAKE TINS SKETCHBOOK,4.95
20622,VIPPASSPORT COVER ,2.1
85195,HANGING HEART BASKET,2.1
21109,LARGE CAKE TOWEL CHOCOLATE SPOTS,6.75
85194L,HANGING SPRING FLOWER EGG LARGE,0.85
47504H,ENGLISH ROSE SPIRIT LEVEL ,0.85
21355,TOAST ITS - I LOVE YOU ,1.05
85180B,PINK HEARTS LIGHT CHAIN ,1.25
85159B,"WHITE TEA,COFFEE,SUGAR JARS",1.25
85159A,"BLACK TEA,COFFEE,SUGAR JARS",1.25
22667,RECIPE BOX RETROSPOT ,2.55
84597B,RETRO BROWN BALL ASHTRAY ,1.25
21949,SET OF 6 STRAWBERRY CHOPSTICKS,1.06
21559,STRAWBERRY LUNCH BOX WITH CUTLERY,2.1
20617,FIRST CLASS PASSPORT COVER ,2.1
84673A,PINK FLY SWAT,0.65
84673B,BLUE FLY SWAT,0.65
90146,FINE SILVER NECKLACE W PASTEL FLOWE,7.5
22269,EGG CUP NATURAL CHICKEN,1.25
22493,PAINT YOUR OWN CANVAS SET,1.45
35817P,"ACRYLIC JEWEL SNOWFLAKE,PINK",2.55
21717,EASTER TIN BUCKET,2.55
90035A,"PEARL & SHELL 42""NECKL. GREEN",10.75
16225,RATTLE SNAKE EGGS,0.42
21792,CLASSIC FRENCH STYLE BASKET GREEN ,6.75
21199,PINK  HEART CONFETTI IN TUBE,1.65
22394,PAPERWEIGHT KINGS CHOICE ,2.55
84884A,ANT WHITE WIRE HEART SPIRAL,3.39
22360,GLASS JAR ENGLISH CONFECTIONERY,2.55
22693,GROW A FLYTRAP OR SUNFLOWER IN TIN,1.06
22040,BOTANICAL ROSE GIFT WRAP,0.42
22174,PHOTO CUBE,1.25
22693,GROW A FLYTRAP OR SUNFLOWER IN TIN,0.94
21348,PINK SPOTS CHOCOLATE NESTING BOXES ,2.55
84078A,SET/4 WHITE RETRO STORAGE CUBES ,34.95
21558,SKULL LUNCH BOX WITH CUTLERY ,2.1
22649,STRAWBERRY FAIRY CAKE TEAPOT,4.25
90145,SILVER HOOP EARRINGS WITH FLOWER,5.95
90194,SILVER LARIAT BLACK STONE EARRINGS,4.25
22656,VINTAGE BLUE KITCHEN CABINET,175.0
22389,PAPERWEIGHT SAVE THE PLANET,0.85
22395,PAPERWEIGHT VINTAGE PAISLEY,0.85
10133,COLOURING PENCILS BROWN TUBE,0.42
21425,SKULLS STORAGE BOX LARGE,2.95
22394,PAPERWEIGHT KINGS CHOICE ,0.85
22393,PAPERWEIGHT VINTAGE COLLAGE,0.85
16219,HOUSE SHAPE PENCIL SHARPENER,0.21
21279,VINTAGE KITCHEN PRINT FRUITS,2.55
20619,TROPICAL PASSPORT COVER ,0.75
20622,VIPPASSPORT COVER ,0.75
21881,CUTE CATS TAPE,0.19
84519B,CARROT CHARLIE+LOLA COASTER SET,1.25
21213,PACK OF 72 SKULL CAKE CASES,0.42
85103,SILVER T-LIGHT SETTING,6.75
21348,PINK SPOTS CHOCOLATE NESTING BOXES ,2.95
20696,FLORAL SOFT CAR TOY,3.75
22503,CABIN BAG VINTAGE PAISLEY,12.75
20794,BLUE  TILE HOOK,2.55
85163A,WHITE BAROQUE WALL CLOCK ,12.75
85163B,BLACK BAROQUE WALL CLOCK ,12.75
84674,FLYING PIG WATERING CAN,1.25
72351A,SET/6 TURQUOISE BUTTERFLY T-LIGHTS,1.69
21793,CLASSIC FRENCH STYLE BASKET BROWN,6.75
84800L,LARGE WHITE/PINK ROSE ART FLOWER,2.12
22668,PINK BABY BUNTING,2.95
21503,TOYBOX  WRAP ,0.42
84457,SET/3 RABBITS FLOWER SKIPPPING ROPE,0.85
22837,HOT WATER BOTTLE BABUSHKA LARGE,4.65
21198,WHITE HEART CONFETTI IN TUBE,0.42
21989,PACK OF 20 SKULL PAPER NAPKINS,0.64
84992,72 SWEETHEART FAIRY CAKE CASES,0.4
21977,PACK OF 60 PINK PAISLEY CAKE CASES,0.4
21213,PACK OF 72 SKULL CAKE CASES,0.4
21212,PACK OF 72 RETROSPOT CAKE CASES,0.4
20723,STRAWBERRY CHARLOTTE BAG,0.72
22066,LOVE HEART TRINKET POT,1.45
22445,PENCIL CASE LIFE IS BEAUTIFUL,2.55
C2,CARRIAGE,150.0
15044A,PINK PAPER PARASOL ,2.95
22858,EASTER TIN KEEPSAKE,1.45
22859,EASTER TIN BUNNY BOUQUET,1.45
22352,LUNCH BOX WITH CUTLERY RETROSPOT ,2.1
20700,GREEN CAT FLORAL CUSHION COVER ,3.75
90104,PURPLE FRANGIPANI HAIRCLIP,0.85
21403,BLUE EGG  SPOON,0.42
22046,TEA PARTY  WRAPPING PAPER ,0.42
21199,PINK  HEART CONFETTI IN TUBE,0.42
46138B,BLUE CHENILLE SHAGGY CUSHION COVER ,1.95
20701,PINK CAT FLORAL CUSHION COVER ,3.75
47585A,PINK FAIRY CAKE CUSHION COVER,3.75
84926E,FLOWERS TILE COASTER,0.42
20770,ABSTRACT CIRCLE JOURNAL ,2.1
22148,EASTER CRAFT 4 CHICKS ,1.95
84218,BOX/12 CHICK & EGG IN BASKET,1.95
22087,PAPER BUNTING WHITE LACE,2.55
21403,BLUE EGG  SPOON,0.36
84989A,75 GREEN FAIRY CAKE CASES,0.55
84968E,SET OF 16 VINTAGE BLACK CUTLERY,12.75
79321,CHILLI LIGHTS,3.98
21787,RAIN PONCHO RETROSPOT,0.65
85042,ANTIQUE LILY FAIRY LIGHTS,4.95
20785,FUSCHIA RETRO BAR STOOL,39.95
22782,SET 3 WICKER STORAGE BASKETS ,24.95
84218,BOX/12 CHICK & EGG IN BASKET,1.69
22148,EASTER CRAFT 4 CHICKS ,1.65
47589,CONGRATULATIONS BUNTING,5.45
79323B,BLACK CHERRY LIGHTS,6.75
22723,SET OF 6 HERB TINS SKETCHBOOK,3.45
85159B,"WHITE TEA,COFFEE,SUGAR JARS",6.35
22090,PAPER BUNTING RETROSPOT,0.0
22553,PLASTERS IN TIN SKULLS,0.0
21198,WHITE HEART CONFETTI IN TUBE,1.65
16156L,"WRAP, CAROUSEL",0.42
84800L,LARGE WHITE/PINK ROSE ART FLOWER,1.69
22357,KINGS CHOICE BISCUIT TIN,3.75
21084,SET/6 COLLAGE PAPER CUPS,0.65
84692,BOX OF 24 COCKTAIL PARASOLS,0.36
85159B,"WHITE TEA,COFFEE,SUGAR JARS",5.72
90123B,TURQUOISE HEART OF GLASS BRACELET,5.95
90123C,GREEN HEART OF GLASS BRACELET,5.95
90122A,PINK CRYSTAL+GLASS BRACELET,4.95
90122C,TURQUOISE CRYSTAL+GLASS BRACELET,4.95
84600,NEW BAROQUE JEWELLERY BOX ,7.95
84617,NEW BAROQUE BLACK BOXES,12.75
85180B,PINK HEARTS LIGHT CHAIN ,4.65
79323P,PINK CHERRY LIGHTS,6.75
20985,HEART CALCULATOR,1.06
85016,SET OF 6 VINTAGE NOTELETS KIT,0.65
21280,VINTAGE KITCHEN PRINT VEGETABLES,2.55
22703,PINK CAT BOWL,2.4
21621,VINTAGE UNION JACK BUNTING,8.87
22333,RETROSPOT PARTY BAG + STICKER SET,1.45
85183A,CHARLIE & LOLA WASTEPAPER BIN BLUE,1.25
22955,36 FOIL STAR CAKE CASES ,1.85
21028,NINJA RABBIT BLACK,1.25
35265,COLOURFUL FLOWER FRUIT BOWL,6.95
22696,WICKER WREATH LARGE,1.65
85178,VICTORIAN SEWING KIT,0.85
22668,PINK BABY BUNTING,2.55
21621,VINTAGE UNION JACK BUNTING,7.45
62086A,PINK RETRO BIG FLOWER BAG,1.95
21425,SKULLS STORAGE BOX LARGE,2.55
85206B,PINK FELT EASTER EGG BASKET,1.65
85189,HANGING BUTTERFLY  EGG,0.85
90010B,BLACK/WHITE GLASS/SILVER BRACELET,8.95
22449,SILK PURSE BABUSHKA PINK,2.95
22450,SILK PURSE BABUSHKA BLUE,2.95
22618,COOKING SET RETROSPOT,8.49
22759,SET OF 3 NOTEBOOKS IN PARCEL,1.45
22466,FAIRY TALE COTTAGE NIGHTLIGHT,1.65
84992,72 SWEETHEART FAIRY CAKE CASES,0.42
22613,PACK OF 20 SPACEBOY NAPKINS,0.64
21078,SET/20 STRAWBERRY PAPER NAPKINS ,0.64
22557,PLASTERS IN TIN VINTAGE PAISLEY ,1.45
22551,PLASTERS IN TIN SPACEBOY,1.45
22362,GLASS JAR PEACOCK BATH SALTS,2.55
85049G,CHOCOLATE BOX RIBBONS ,1.06
22957,SET 3 PAPER VINTAGE CHICK PAPER EGG,2.55
22628,PICNIC BOXES SET OF 3 RETROSPOT ,4.25
21110,LARGE CAKE TOWEL PINK SPOTS,3.35
22957,SET 3 PAPER VINTAGE CHICK PAPER EGG,2.95
22830,UTILTY CABINET WITH HOOKS,10.0
84078A,SET/4 WHITE RETRO STORAGE CUBES ,39.95
85200,BUNNY EGG BOX,1.25
84231,EASTER BUNNY WITH BASKET ON BACK,0.65
84462,3 PINK HEN+CHICKS IN BASKET,1.25
84461,12 PINK HEN+CHICKS IN BASKET,2.55
35922,EASTER BUNNY WREATH,4.95
84675,FROG KING WATERING CAN,2.95
22447,PIN CUSHION BABUSHKA BLUE,3.35
84905,PINK BUTTERFLY CUSHION COVER ,4.95
21458,2 PICTURE BOOK EGGS EASTER BUNNY,1.25
84520B,PACK 20 ENGLISH ROSE PAPER NAPKINS,0.64
22809,SET OF 6 T-LIGHTS SANTA,2.55
22138,BAKING SET 9 PIECE RETROSPOT ,4.25
20845,ZINC HEART LATTICE 2 WALL PLANTER,6.35
84033,FLAG OF ST GEORGE ,1.65
35095A,BLUE VICTORIAN FABRIC OVAL BOX,0.42
22099,CARAVAN SQUARE TISSUE BOX,1.06
20619,TROPICAL PASSPORT COVER ,2.1
21557,SET OF 6 FUNKY BEAKERS,2.55
47599A,PINK PARTY BAGS,1.69
22553,PLASTERS IN TIN SKULLS,1.45
79323W,WHITE CHERRY LIGHTS,6.75
90214R,"LETTER ""R"" BLING KEY RING",1.25
84510E,SET OF 4 GREEN CAROUSEL COASTERS,1.25
79192A,RETRO PLASTIC 70'S TRAY,1.25
21420,OYSTER TRINKET BOX,3.25
20756,GREEN FERN POCKET BOOK,0.85
20854,BLUE PATCH PURSE PINK HEART,1.45
21937,STRAWBERRY   PICNIC BAG,2.55
21933,PINK VINTAGE PAISLEY PICNIC BAG,2.55
22964,3 PIECE SPACEBOY COOKIE CUTTER SET,1.85
20717,STRAWBERRY SHOPPER BAG,1.06
21095,SET/6 POSIES PAPER PLATES,0.85
22843,BISCUIT TIN VINTAGE GREEN,5.95
22802,FAUX FUR CHOCOLATE THROW,16.95
22786,CUSHION COVER PINK UNION JACK,4.95
22785,SQUARECUSHION COVER PINK UNION FLAG,5.95
84032A,CHARLIE+LOLA PINK HOT WATER BOTTLE,2.55
22637,PIGGY BANK RETROSPOT ,2.1
84378,SET OF 3 HEART COOKIE CUTTERS,1.06
22721,SET OF 3 CAKE TINS SKETCHBOOK,4.25
21456,2 PICTURE BOOK EGGS EASTER CHICKS,1.25
90214G,"LETTER ""G"" BLING KEY RING",1.25
22938,CUPCAKE LACE PAPER SET 6,1.65
22146,EASTER CRAFT IVY WREATH WITH CHICK,1.95
21988,PACK OF 6 SKULL PAPER PLATES,0.64
85232B,SET OF 3 BABUSHKA STACKING TINS,4.25
90123D,WHITE HEART OF GLASS BRACELET,5.95
90123A,PINK HEART OF GLASS BRACELET,5.95
90148,LONG SILVER NECKLACE PASTEL FLOWER,12.75
20898,VINTAGE NOTEBOOK TRAVELOGUE,2.95
21320,GLASS CHALICE GREEN  LARGE ,2.55
22089,PAPER BUNTING VINTAGE PAISLEY,2.55
84465,15 PINK FLUFFY CHICKS IN BOX,2.95
20851,ZINC HEART LATTICE TRAY OVAL ,5.95
84919,BLUE CUSHION COVER WITH FLOWER,6.95
84907,PINK YELLOW PATCH CUSHION COVER,7.65
17028J,INCENSE BAZAAR PEACH,0.42
21758,VINTAGE SHELLS PRINT,6.45
62074B,ELEPHANT CLIP W SUCTION CUP,0.42
16016,LARGE CHINESE STYLE SCISSOR,0.72
85208,SET/12 FUNKY FELT FLOWER PEG IN BAG,1.69
21564,PINK  HEART SHAPE LOVE BUCKET ,2.55
22151,PLACE SETTING WHITE HEART,0.36
22652,TRAVEL SEWING KIT,1.45
21984,PACK OF 12 PINK PAISLEY TISSUES ,0.25
90037B,TINY CRYSTAL BRACELET GREEN,2.55
90098,NECKLACE+BRACELET PINK BUTTERFLY,2.55
22563,HAPPY STENCIL CRAFT,1.06
22564,ALPHABET STENCIL CRAFT,1.06
47504H,ENGLISH ROSE SPIRIT LEVEL ,1.25
47566,PARTY BUNTING,4.15
47566,PARTY BUNTING,4.95
22353,LUNCH BOX WITH CUTLERY FAIRY CAKES ,2.55
84568,GIRLS ALPHABET IRON ON PATCHES ,0.21
84598,BOYS ALPHABET IRON ON PATCHES,0.21
79321,CHILLI LIGHTS,5.75
35815P,"ACRYLIC JEWEL SNOWFLAKE, PINK",2.1
90070,RUBY GLASS CLUSTER BRACELET,5.95
21982,PACK OF 12 SUKI TISSUES ,0.22
85177,BASKET OF FLOWERS SEWING KIT,0.64
84535B,FAIRY CAKES NOTEBOOK A6 SIZE,0.0
90064B,BLACK VINTAGE  CRYSTAL EARRINGS,3.75
90064A,WHITE VINTAGE CRYSTAL EARRINGS,3.75
44236,PINK/PURPLE CIRCLE CURTAIN,4.65
22748,POPPY'S PLAYHOUSE KITCHEN,1.85
22782,SET 3 WICKER STORAGE BASKETS ,21.95
35909B,PINK FLOWERS RABBIT EASTER,2.95
21421,PORCELAIN ROSE LARGE ,1.06
22613,PACK OF 20 SPACEBOY NAPKINS,0.72
35637A,IVORY STRING CURTAIN WITH POLE ,5.95
85163B,BLACK BAROQUE WALL CLOCK ,10.95
84661C,PINK SQUARE TABLE CLOCK,2.55
21785,RAIN PONCHO ,0.65
22185,SLATE TILE NATURAL HANGING,1.45
22980,PANTRY SCRUBBING BRUSH,1.65
21811,HANGING HEART WITH BELL,1.25
79063D,"RETRO PILL BOX , REVOLUTIONARY",0.18
22978,PANTRY ROLLING PIN,3.75
79062D,"RETRO TIN ASHTRAY,REVOLUTIONARY",0.65
20837,FRENCH FLORAL CUSHION COVER ,2.95
47341A,FUSCHIA TABLE RUN FLOWER ,3.75
84926E,FLOWERS TILE COASTER,1.25
84306,S/3 PINK SQUARE PLANTERS ROSES,10.95
90065A,WHITE VINTAGE CRYSTAL BRACELET,6.75
90024F,NEW BAROQUE B'FLY NECKLACE CRYSTAL,8.5
90143,SILVER BRACELET W PASTEL FLOWER,7.5
90024C,NEW BAROQUE B'FLY NECKLACE GREEN,8.5
90000D,COPPER/OLIVE GREEN FLOWER NECKLACE,5.95
90000A,RASPBERRY ANT COPPER FLOWER NECKLAC,5.95
21390,FILIGRIS HEART WITH BUTTERFLY,1.06
85194L,HANGING SPRING FLOWER EGG LARGE,0.72
21947,SET OF 6 HEART CHOPSTICKS,1.06
22832,BROCANTE SHELF WITH HOOKS,9.95
22332,SKULLS PARTY BAG + STICKER SET,1.45
22653,BUTTON BOX ,1.65
21987,PACK OF 6 SKULL PAPER CUPS,0.53
21989,PACK OF 20 SKULL PAPER NAPKINS,0.72
22437,SET OF 9 BLACK SKULL BALLOONS,0.72
21112,SWISS ROLL TOWEL PINK  SPOTS,2.95
20828,GLITTER BUTTERFLY CLIPS,2.1
46776B,WOVEN BERRIES CUSHION COVER ,4.95
22980,PANTRY SCRUBBING BRUSH,1.45
82095,HEART BUTTONS JEWELLERY BOX,7.65
35637C,PINK STRING CURTAIN WITH POLE,5.95
84466,TOP SECRET PEN SET,1.25
90214A,"LETTER ""A"" BLING KEY RING",1.25
21087,SET/6 POSIES PAPER CUPS,0.65
21112,SWISS ROLL TOWEL PINK  SPOTS,1.25
10135,COLOURING PENCILS BROWN TUBE,1.06
10080,GROOVY CACTUS INFLATABLE,0.85
35916C,PINK FELT HANGING HEART W FLOWER,0.85
22395,PAPERWEIGHT VINTAGE PAISLEY,2.55
22979,PANTRY WASHING UP BRUSH,1.45
23193,BUFFALO BILL TREASURE BOOK BOX,2.25
23176,ABC TREASURE BOOK BOX ,2.25
22982,PANTRY PASTRY BRUSH,1.25
16020C,CLEAR STATIONERY BOX SET ,0.85
21621,VINTAGE UNION JACK BUNTING,6.98
22978,PANTRY ROLLING PIN,3.39
22046,TEA PARTY  WRAPPING PAPER ,0.34
22045,SPACEBOY GIFT WRAP,0.34
21320,GLASS CHALICE GREEN  LARGE ,2.1
22800,ANTIQUE TALL SWIRLGLASS TRINKET POT,3.39
23127,FELTCRAFT GIRL NICOLE KIT,4.95
46776C,WOVEN FROST CUSHION COVER,4.95
23128,FELTCRAFT BOY JEAN-PAUL KIT,4.95
22981,PANTRY APPLE CORER,1.45
15044B,BLUE PAPER PARASOL ,2.55
15044A,PINK PAPER PARASOL ,2.55
15044C,PURPLE PAPER PARASOL,2.55
37423,WHITE WITH BLACK CATS PLATE,0.85
23193,BUFFALO BILL TREASURE BOOK BOX,2.08
79026B,"S/4 ICON COASTER,ELVIS LIVES",1.25
21793,CLASSIC FRENCH STYLE BASKET BROWN,5.95
84798B,PURPLE FOXGLOVE ARTIIFCIAL FLOWER,2.55
22979,PANTRY WASHING UP BRUSH,1.25
22982,PANTRY PASTRY BRUSH,1.06
90214P,"LETTER ""P"" BLING KEY RING",1.25
35916A,YELLOW FELT HANGING HEART W FLOWER,0.85
16248B,BLUE HOLE PUNCH,1.25
84313C,ORANGE TV TRAY TABLE ,1.95
84313B,BLUE TV TRAY TABLE ,1.95
22799,SWEETHEART WIRE FRUIT BOWL,7.65
23187,FRENCH STYLE STORAGE JAR BONBONS,1.25
37423,WHITE WITH BLACK CATS PLATE,0.39
23186,FRENCH STYLE STORAGE JAR CAFE ,1.25
47593A,CAROUSEL PONIES BABY BIB,0.29
79063C,"RETRO PILL BOX KEY CHAIN,THE KING",0.19
23007, SPACEBOY BABY GIFT SET,14.95
22432,WATERING CAN PINK BUNNY,1.65
22431,WATERING CAN BLUE ELEPHANT,1.65
21112,SWISS ROLL TOWEL PINK  SPOTS,2.55
85159B,"WHITE TEA,COFFEE,SUGAR JARS",4.4
22066,LOVE HEART TRINKET POT,0.39
23007, SPACEBOY BABY GIFT SET,16.95
84535A,ENGLISH ROSE NOTEBOOK A6 SIZE,0.65
85098B,BLUE FLYING SINGING CANARY,3.75
21403,BLUE EGG  SPOON,0.12
84563A,PINK & WHITE BREAKFAST TRAY,2.95
84563B,BLUE & WHITE BREAKFAST TRAY,2.95
22371,AIRLINE BAG VINTAGE TOKYO 78,3.95
22656,VINTAGE BLUE KITCHEN CABINET,295.0
16156S,WRAP PINK FAIRY CAKES ,0.34
84227,HEN HOUSE W CHICK IN NEST,0.42
85027L,FRENCH CHATEAU LARGE PLATTER ,1.95
85159A,"BLACK TEA,COFFEE,SUGAR JARS",1.95
22468,BABUSHKA LIGHTS STRING OF 10,5.95
22626,BLACK KITCHEN SCALES,7.65
21078,SET/20 STRAWBERRY PAPER NAPKINS ,0.72
37333,"RETRO ""TEA FOR ONE"" ",1.95
22171,3 HOOK PHOTO SHELF ANTIQUE WHITE,6.95
20785,FUSCHIA RETRO BAR STOOL,35.95
84968B,SET OF 16 VINTAGE IVORY CUTLERY,12.75
35910B,PINK FLOWERS RABBIT EASTER,1.95
78033,FLAG OF ST GEORGE CHAIR,5.95
21967,PACK OF 12 SKULL TISSUES,0.25
84946,ANTIQUE SILVER T-LIGHT GLASS,1.06
85159B,"WHITE TEA,COFFEE,SUGAR JARS",1.95
85030,FRENCH CHATEAU OVAL PLATTER,1.95
35265,COLOURFUL FLOWER FRUIT BOWL,1.95
79063D,"RETRO PILL BOX , REVOLUTIONARY",0.19
84946,ANTIQUE SILVER T-LIGHT GLASS,1.25
46126A,ELVIS WALLHANGING / CURTAIN,1.25
79191C,RETRO PLASTIC ELEPHANT TRAY,0.63
79190B,RETRO PLASTIC POLKA TRAY,0.32
21916,SET 12 RETRO WHITE CHALK STICKS,0.36
47471,RAINBOW PEGS PHOTO CLIP STRING,0.53
35095A,BLUE VICTORIAN FABRIC OVAL BOX,0.29
22582,PACK OF 6 SWEETIE GIFT BOXES,2.1
22584,PACK OF 6 PANNETONE GIFT BOXES,2.1
84569C,PACK 4 FLOWER/BUTTERFLY PATCHES,1.25
21288,STRIPEY CHOCOLATE NESTING BOXES,2.55
85028L,FRENCH CHATEAU LARGE FRUIT BOWL ,1.95
22136,LOVE HEART SOCK HANGER,1.45
16156L,WRAP CAROUSEL,0.42
90099,NECKLACE+BRACELET SET BLUE HIBISCUS,2.55
84568,GIRLS ALPHABET IRON ON PATCHES ,0.17
82616B,FRAPPUCINO SCARF KNITTING KIT,1.25
22558,CLOTHES PEGS RETROSPOT PACK 24 ,1.45
84743C,ORANGE FELT VASE + FLOWERS,1.25
22085,PAPER CHAIN KIT SKULLS ,2.55
79164,BLACK WINE GLASS,0.39
85132A,CHARLIE + LOLA BISCUITS TINS,1.95
90014C,SILVER/BLACK ORBIT NECKLACE,9.95
22558,CLOTHES PEGS RETROSPOT PACK 24 ,1.65
22558,CLOTHES PEGS RETROSPOT PACK 24 ,1.0
21352,EUCALYPTUS & PINECONE  WREATH,5.95
21090,SET/6 COLLAGE PAPER PLATES,0.39
21084,SET/6 COLLAGE PAPER CUPS,0.19
79026B,"S/4 ICON COASTER,ELVIS LIVES",0.39
22622,BOX OF VINTAGE ALPHABET BLOCKS,11.95
22623,BOX OF VINTAGE JIGSAW BLOCKS ,5.95
21087,SET/6 POSIES PAPER CUPS,0.19
21089,SET/6 GREEN SPRING PAPER CUPS,0.19
21982,PACK OF 12 SUKI TISSUES ,0.2
21320,GLASS CHALICE GREEN  LARGE ,0.79
84843,WHITE SOAP RACK WITH 2 BOTTLES,4.65
22611,VINTAGE UNION JACK SHOPPING BAG,4.25
21622,VINTAGE UNION JACK CUSHION COVER,4.25
84725,FREESTYLE CANVAS ART PICTURE,1.65
35965,FOLKART HEART NAPKIN RINGS,0.79
90024D,NEW BAROQUE B'FLY NECKLACE PINK,8.5
22039,BOTANICAL LILY GIFT WRAP,0.42
90001C,ANTIQUE OPAL WHITE FLOWER EARRINGS,4.25
90025A,BAROQUE BUTTERFLY EARRINGS BLACK,3.75
84839,SWEETHEART KEY CABINET,5.55
78033,FLAG OF ST GEORGE CHAIR,4.25
23205,CHARLOTTE BAG VINTAGE ALPHABET ,0.85
84689,S/2 BEACH HUT TREASURE CHESTS,5.95
44242B,PINK FEATHERS CURTAIN,1.25
46776D,WOVEN SUNSET CUSHION COVER ,4.95
21792,CLASSIC FRENCH STYLE BASKET GREEN ,3.95
21793,CLASSIC FRENCH STYLE BASKET BROWN,3.95
84535A,ENGLISH ROSE NOTEBOOK A6 SIZE,0.42
22785,SQUARECUSHION COVER PINK UNION JACK,6.75
17109D,FLOWER FAIRY INCENSE BOUQUET,0.38
23153,ZINC SWEETHEART WIRE LETTER RACK,3.75
20829,GLITTER HANGING BUTTERFLY STRING,1.69
23073,GEORGIAN TRINKET BOX,12.5
84549,CROCHET WHITE RABBIT KEYRING ,1.65
21614,SET OF 12 ROSE BOTANICAL T-LIGHTS,2.95
84576,BLUE CAT BISCUIT BARREL PINK HEART,1.95
23146,TRIPLE HOOK ANTIQUE IVORY ROSE,3.29
85163B,BLACK BAROQUE WALL CLOCK ,3.95
85163A,WHITE BAROQUE WALL CLOCK ,3.95
85183B,CHARLIE & LOLA WASTEPAPER BIN FLORA,0.75
85183A,CHARLIE & LOLA WASTEPAPER BIN BLUE,0.75
20826,SILVER APERITIF GLASS,0.39
21933,PINK VINTAGE PAISLEY PICNIC BAG,1.65
23140,TRIPLE WIRE HOOK IVORY HEART,4.15
23141,TRIPLE WIRE HOOK PINK HEART,4.15
23152,IVORY SWEETHEART WIRE LETTER RACK ,3.75
23134,LARGE ZINC HEART WALL ORGANISER,7.05
23133,LARGE IVORY HEART WALL ORGANISER,7.05
23133,LARGE IVORY HEART WALL ORGANISER,8.25
23147,SINGLE ANTIQUE ROSE HOOK IVORY,1.45
23142,IVORY WIRE KITCHEN ORGANISER,10.4
23136,IVORY WIRE SWEETHEART LETTER TRAY,3.75
23139,SINGLE WIRE HOOK PINK HEART,1.45
23138,SINGLE WIRE HOOK IVORY HEART,1.45
23134,LARGE ZINC HEART WALL ORGANISER,8.25
84906,PINK BUTTERFLY CUSHION COVER,1.95
23137,ZINC WIRE SWEETHEART LETTER TRAY,3.75
21794,CLASSIC FRENCH STYLE BASKET NATURAL,3.95
90135,ORANGE/WHT/FUSCHIA STONES NECKLACE,4.95
90158,ST TROPEZ NECKLACE,4.95
90157,RIVIERA NECKLACE,4.95
47341B,BLUE TABLE RUN FLOWER,1.25
47341A,FUSCHIA TABLE RUN FLOWER ,1.25
23163,REGENCY SUGAR TONGS,2.49
21028,NINJA RABBIT BLACK,1.06
21027,NINJA RABBIT PINK,1.06
16216,LETTER SHAPE PENCIL SHARPENER,0.12
16219,HOUSE SHAPE PENCIL SHARPENER,0.16
16218,CARTOON  PENCIL SHARPENERS,0.12
22422,TOOTHPASTE TUBE PEN,0.55
22420,LIPSTICK PEN BABY PINK,0.36
23205,CHARLOTTE BAG VINTAGE ALPHABET ,0.72
20655,QUEEN OF SKIES LUGGAGE TAG,1.06
21867,PINK UNION JACK  LUGGAGE TAG,1.06
20654,FIRST CLASS LUGGAGE TAG ,1.06
21866,UNION JACK FLAG LUGGAGE TAG,1.06
20618,QUEEN OF THE SKIES PASSPORT COVER ,1.69
20619,TROPICAL PASSPORT COVER ,1.69
21865,PINK UNION JACK  PASSPORT COVER ,1.69
20617,FIRST CLASS PASSPORT COVER ,1.69
20622,VIPPASSPORT COVER ,1.69
23162,REGENCY TEA STRAINER,3.75
20840,FRENCH FLORAL CUSHION COVER ,0.85
15034,PAPER POCKET TRAVELING FAN ,0.07
21982,PACK OF 12 SUKI TISSUES ,0.25
23137,ZINC WIRE SWEETHEART LETTER TRAY,3.29
23153,ZINC SWEETHEART WIRE LETTER RACK,3.39
23152,IVORY SWEETHEART WIRE LETTER RACK ,3.39
23136,IVORY WIRE SWEETHEART LETTER TRAY,3.29
21811,HANGING HEART WITH BELL,1.06
22296,HEART IVORY TRELLIS LARGE,1.45
20794,BLUE  TILE HOOK,2.1
23140,TRIPLE WIRE HOOK IVORY HEART,3.75
23138,SINGLE WIRE HOOK IVORY HEART,1.25
23139,SINGLE WIRE HOOK PINK HEART,1.25
23146,TRIPLE HOOK ANTIQUE IVORY ROSE,2.89
23147,SINGLE ANTIQUE ROSE HOOK IVORY,1.25
23048,SET OF 10 LANTERNS FAIRY LIGHT STAR,4.15
23042,PAPER LANTERN 7 POINT SNOW STAR,6.65
23041,PAPER LANTERN 9 POINT SNOW STAR,4.15
23040,PAPER LANTERN 9 POINT SNOW STAR ,5.75
20835,FRENCH LATTICE CUSHION COVER ,0.83
46138B,BLUE CHENILLE SHAGGY CUSHION COVER ,0.85
20836,FRENCH PAISLEY CUSHION COVER,0.83
20837,FRENCH FLORAL CUSHION COVER ,0.83
20838,FRENCH LATTICE CUSHION COVER ,0.85
23073,GEORGIAN TRINKET BOX,11.15
23160,REGENCY TEA SPOON,1.04
23161,REGENCY CAKE FORK,1.04
23164,REGENCY CAKE SLICE,4.15
23162,REGENCY TEA STRAINER,3.29
23164,REGENCY CAKE SLICE,4.95
79063C,"RETRO PILL BOX KEY CHAIN,THE KING",0.18
22092,BLUE PAISLEY TISSUE BOX,0.42
84689,S/2 BEACH HUT TREASURE CHESTS,2.0
23143,ZINC WIRE KITCHEN ORGANISER,10.4
23298,SPOTTY BUNTING,4.95
23161,REGENCY CAKE FORK,1.25
23160,REGENCY TEA SPOON,1.25
21621,VINTAGE UNION JACK BUNTING,7.5
23298,SPOTTY BUNTING,4.15
20839,FRENCH PAISLEY CUSHION COVER ,0.85
23040,PAPER LANTERN 9 POINT SNOW STAR,5.75
23043,PAPER LANTERN 9 POINT HOLLY STAR 40,6.25
23041,PAPER LANTERN 6 POINT SNOW STAR,4.15
23298,"BUNTING , SPOTTY ",4.15
23043,PAPER LANTERN 9 POINT HOLLY STAR L,6.25
23047,PAPER LANTERN 5 POINT SEQUIN STAR,5.75
23044,PAPER LANTERN 9 POINT HOLLY STAR S,4.15
23044,PAPER LANTERN 9 POINT HOLLY STAR 23,4.15
35443,RASTA IN BATH W SPLIFF ASHTRAY,0.85
90033,IVORY SHELL HEART EARRINGS,2.55
90130B,TURQ STONE/CRYSTAL EARRINGS,2.95
35815P,"ACRYLIC JEWEL SNOWFLAKE, PINK",0.38
23174,REGENCY SUGAR BOWL GREEN,4.15
23173,REGENCY TEAPOT ROSES ,8.15
23172,REGENCY TEA PLATE PINK,1.65
23171,REGENCY TEA PLATE GREEN ,1.65
23170,REGENCY TEA PLATE ROSES ,1.65
23174,REGENCY SUGAR BOWL GREEN,3.75
23173,REGENCY TEAPOT ROSES ,9.95
23084,RABBIT NIGHT LIGHT,2.08
23096,PETIT TRAY CHIC,1.65
23110,PARISIENNE KEY CABINET ,5.75
23082,SET 6 PAPER TABLE LANTERN HEARTS ,3.75
23084,RABBIT NIGHT LIGHT,1.79
23112,PARISIENNE CURIO CABINET,7.5
23111,PARISIENNE SEWING BOX,12.5
23170,REGENCY TEA PLATE ROSES ,1.45
23169,CLASSIC GLASS SWEET JAR,4.15
22418,10 COLOUR SPACEBOY PEN,0.72
23163,REGENCY SUGAR TONGS,2.08
22377,BOTTLE BAG RETROSPOT ,1.85
23089,GLASS BON BON JAR,1.65
47566,PARTY BUNTING,0.0
23169,CLASSIC GLASS COOKIE JAR,4.15
20992,JAZZ HEARTS PURSE NOTEBOOK,0.74
23171,REGENCY TEA PLATE GREEN ,1.45
23082,SET 6 PAPER TABLE LANTERN HEARTS ,3.29
23112,PARISIENNE CURIO CABINET,6.65
23172,REGENCY TEA PLATE PINK,1.45
23298,"BUNTING , SPOTTY ",4.95
90035C,"PEARL & SHELL 42""NECKL. IVORY",10.75
23111,PARISIENNE SEWING BOX,10.4
23083,SET 6 PAPER TABLE LANTERN STARS ,3.75
23142,IVORY WIRE KITCHEN ORGANISER,9.15
22501,PICNIC BASKET WICKER LARGE,7.62
23099,FRENCH CARRIAGE LANTERN,6.65
84661A,WHITE SQUARE TABLE CLOCK,2.55
22788,BROCANTE COAT RACK,6.78
22171,3 HOOK PHOTO SHELF ANTIQUE WHITE,5.88
23134,LARGE ZINC HEART WALL ORGANISER,5.88
22912,YELLOW COAT RACK PARIS FASHION,3.37
22914,BLUE COAT RACK PARIS FASHION,3.37
90214Y,"LETTER ""Y"" BLING KEY RING",1.25
84873A,FUNKY FLOWER PICNIC BAG FOR 4,16.95
23096,PETIT TRAY CHIC,1.45
23176,ABC TREASURE BOOK BOX ,1.95
23193,BUFFALO BILL TREASURE BOOK BOX,1.95
22981,PANTRY APPLE CORER,1.25
22914,BLUE COAT RACK PARIS FASHION,4.25
23089,GLASS BON BON JAR,1.45
22179,SET 10 NIGHT OWL LIGHTS,6.75
84984A,GREEN PEONY CUSHION COVER,4.65
90149,SILVER FLOWR PINK SHELL NECKLACE,7.5
90013C,GREEN VINTAGE EARRINGS ,3.75
23169,CLASSIC GLASS SWEET JAR,3.75
85103,SILVER T-LIGHT SETTING,5.95
23227,FILIGREE HEART BUTTERFLY WHITE ,1.25
C2,CARRIAGE,18.0
23110,PARISIENNE KEY CABINET ,4.95
23083,SET 6 PAPER TABLE LANTERN STARS ,3.29
84510A,SET OF 4 ENGLISH ROSE COASTERS,1.06
84711B,PINK OVAL SHAPE TRINKET BOX,9.95
23215,JINGLE BELL HEART ANTIQUE SILVER,2.08
23219,LAUREL STAR ANTIQUE SILVER ,1.25
23169,CLASSIC GLASS COOKIE JAR,3.75
23215,JINGLE BELL HEART ANTIQUE SILVER,1.79
23217,LAUREL HEART ANTIQUE SILVER,1.04
23227,FILIGREE HEART BUTTERFLY WHITE ,1.04
20657,TROPICAL LUGGAGE TAG,1.06
85095,THREE CANVAS LUGGAGE TAGS,1.65
84050,PINK HEART SHAPE EGG FRYING PAN,1.45
21562,HAWAIIAN GRASS SKIRT ,1.06
22439,6 ROCKET BALLOONS ,0.55
21025,SPACE FROG,1.06
21026,SPACE OWL,1.06
84549,CROCHET WHITE RABBIT KEYRING ,1.45
23275,SET OF 3 HANGING OWLS OLLIE BEAK,1.25
72586,SET OF 6 HALLOWEEN GHOST T-LIGHTS,0.42
23099,FRENCH CARRIAGE LANTERN,5.75
21250,SET OF SKULL WALL STICKERS,2.55
22501,PICNIC BASKET WICKER LARGE,3.0
23308,SET OF 60 VINTAGE LEAF CAKE CASES ,0.55
21993,FLORAL FOLK STATIONERY SET,1.25
21992,VINTAGE PAISLEY STATIONERY SET,1.25
20992,JAZZ HEARTS PURSE NOTEBOOK,0.39
20984,12 PENCILS TALL TUBE POSY,0.29
35818P,"ACRYLIC JEWEL ICICLE, PINK",0.38
22269,EGG CUP NATURAL CHICKEN,0.39
90214E,"LETTER ""E"" BLING KEY RING",1.25
16218,CARTOON  PENCIL SHARPENERS,0.06
16216,LETTER SHAPE PENCIL SHARPENER,0.06
90102,WHITE FRANGIPANI HAIR CLIP,0.85
22230,JIGSAW TREE WITH WATERING CAN,0.29
51014L,"FEATHER PEN,LIGHT PINK",0.39
16219,HOUSE SHAPE PENCIL SHARPENER,0.06
51014A,"FEATHER PEN,HOT PINK",0.39
23243,SET OF TEA COFFEE SUGAR TINS PANTRY,4.15
84661B,BLACK SQUARE TABLE CLOCK,2.55
84415B,BLUE FLOCK CUSHION COVER ,1.25
23245,SET OF 3 REGENCY CAKE TINS,4.95
23239,SET OF 4 KNICK KNACK TINS POPPIES,4.15
23235,STORAGE TIN VINTAGE LEAF,2.89
23242,TREASURE TIN BUFFALO BILL ,2.08
23243,SET OF TEA COFFEE SUGAR TINS PANTRY,4.95
23237,SET OF 4 KNICK KNACK TINS LEAVES ,4.15
51014C,"FEATHER PEN,COAL BLACK",0.39
23237,SET OF 4 KNICK KNACK TINS LEAVES ,3.75
23244,STORAGE TIN VINTAGE LEAF,1.95
23245,SET OF 3 REGENCY CAKE TINS,4.15
16054,POPART RECT PENCIL SHARPENER ASST,0.12
90214L,"LETTER ""L"" BLING KEY RING",1.25
90214N,"LETTER ""N"" BLING KEY RING",1.25
90214H,"LETTER ""H"" BLING KEY RING",1.25
16162L,THE KING GIFT BAG,0.65
22502,PICNIC BASKET WICKER 60 PIECES,649.5
35970,ZINC FOLKART SLEIGH BELLS,1.69
23322,LARGE WHITE HEART OF WICKER,2.95
23286,BLUE VINTAGE SPOT BEAKER,0.85
23285,PINK VINTAGE SPOT BEAKER,0.85
23288,GREEN VINTAGE SPOT BEAKER,0.85
20901,VINTAGE KEEPSAKE BOX PINK FLOWER,6.35
90001A,ANTIQUE RASPBERRY FLOWER EARRINGS,4.25
90001D,ANTIQUE OLIVE GREEN FLOWER EARRINGS,4.25
23335,EGG FRYING PAN IVORY ,2.08
23339,EGG FRYING PAN BLUE ,2.08
23336,EGG FRYING PAN PINK ,2.08
23235,BISCUIT TIN VINTAGE LEAF,2.89
23308,SET OF 60 VINTAGE LEAF CAKE CASES ,0.42
23235,STORAGE TIN VINTAGE LEAF,2.49
23286,BLUE VINTAGE SPOT BEAKER,0.72
23285,PINK VINTAGE SPOT BEAKER,0.72
23014,GLASS APOTHECARY BOTTLE ELIXIR,3.95
23014,GLASS APOTHECARY BOTTLE ELIXIR,3.45
23013,GLASS APOTHECARY BOTTLE TONIC,3.95
23173,REGENCY TEAPOT ROSES ,8.0
23288,GREEN VINTAGE SPOT BEAKER,0.72
23239,SET OF 4 KNICK KNACK TINS POPPIES,3.75
23242,TREASURE TIN BUFFALO BILL ,1.85
16161P,WRAP ENGLISH ROSE ,0.34
22050,PINK PAISLEY ROSE GIFT WRAP,0.34
22308,TEA COSY BLUE STRIPE,2.1
C2,CARRIAGE,25.0
23187,FRENCH STYLE STORAGE JAR BONBONS,0.28
23186,FRENCH STYLE STORAGE JAR CAFE ,0.28
23016,GLASS TWIST BON BON JAR,6.65
23013,GLASS APOTHECARY BOTTLE TONIC,3.45
23119,PACK OF 6 LARGE FRUIT STRAWS ,0.62
23121,PACK OF 6 COCKTAIL PARASOL STRAWS,0.42
85168B,BLACK BAROQUE CARRIAGE CLOCK,9.95
10080,GROOVY CACTUS INFLATABLE,0.39
22693,GROW A FLYTRAP OR SUNFLOWER IN TIN,0.86
23186,FRENCH STYLE STORAGE JAR CAFE ,0.29
23187,FRENCH STYLE STORAGE JAR BONBONS,0.29
23016,GLASS TWIST BON BON JAR,7.85
23217,LAUREL HEART ANTIQUE SILVER,1.25
23267,SET OF 4 SANTA PLACE SETTINGS,1.25
23323,WHITE WICKER STAR ,2.1
23315,IVORY REFECTORY CLOCK,9.95
23317,BLUE REFECTORY CLOCK ,9.95
23119,PACK OF 6 LARGE FRUIT STRAWS ,0.53
23121,PACK OF 6 COCKTAIL PARASOL STRAWS,0.36
22112,CHOCOLATE HOT WATER BOTTLE,4.37
84746,PINK EASTER HENS+FLOWER,3.75
79062D,"RETRO TIN ASHTRAY,REVOLUTIONARY",0.29
20622,VIP PASSPORT COVER ,2.1
22096,PINK PAISLEY SQUARE TISSUE BOX ,0.39
22097,SWALLOW SQUARE TISSUE BOX,0.39
22099,CARAVAN SQUARE TISSUE BOX,0.39
21899,GARAGE KEY FOB,0.65
35265,COLOURFUL FLOWER FRUIT BOWL,1.0
81950V,FLOWER PURPLE CLOCK WITH SUCKER,0.29
81950B,FLOWER BLUE CLOCK WITH SUCKER,0.29
23237,SET OF 4 KNICK KNACK TINS LEAF,4.15
22421,LIPSTICK PEN FUSCHIA,0.36
22092,BLUE PAISLEY TISSUE BOX,0.39
84927E,FLOWERS TILE HOOK,0.39
23574,PACKING CHARGE,7.5
44236,PINK/PURPLE CIRCLE CURTAIN,0.79
84926A,WAKE UP COCKEREL TILE COASTER,0.29
84926E,FLOWERS TILE COASTER,0.29
84725,FREESTYLE CANVAS ART PICTURE,0.75
44242A,LILAC FEATHERS CURTAIN,0.79
22100,SKULLS SQUARE TISSUE BOX,0.39
84927A,WAKE UP COCKEREL TILE HOOK,0.39
23294,SET OF 6 SNACK LOAF BAKING CASES,0.72
23293,SET OF 12 FAIRY CAKE BAKING CASES,0.72
23297,SET 40 HEART SHAPE PETIT FOUR CASES,1.45
47503H,ASS FLORAL PRINT SPIRIT LEVEL ,0.79
23294,SET OF 6 SNACK LOAF BAKING CASES,0.83
23297,SET 40 HEART SHAPE PETIT FOUR CASES,1.65
90214I,"LETTER ""I"" BLING KEY RING",1.25
23293,SET OF 12 FAIRY CAKE BAKING CASES,0.83
21503,TOYBOX  WRAP ,0.34
22706,WRAP COWBOYS  ,0.34
21258,VICTORIAN SEWING BOX LARGE,6.95
47504H,ENGLISH ROSE SPIRIT LEVEL ,0.79
90101,WHITE FRANGIPANI NECKLACE,2.55
90103,PURPLE FRANGIPANI NECKLACE,2.55
35970,ZINC FOLKART SLEIGH BELLS,1.49
23546,WRAP PAISLEY PARK ,0.42
22179,SET 10 NIGHT OWL LIGHTS,5.95
84732D,CUTE RABBIT CEATURE SCREEN ,0.39
23547,WRAP FLOWER SHOP  ,0.42
35637A,IVORY STRING CURTAIN WITH POLE ,1.95
35637C,PINK STRING CURTAIN WITH POLE,1.95
23219,LAUREL STAR ANTIQUE SILVER ,1.04
23317,BLUE REFECTORY CLOCK ,8.15
23322,LARGE WHITE HEART OF WICKER,2.55
23323,WHITE WICKER STAR ,1.85
16236,KITTY PENCIL ERASERS,0.16
23235,BISCUIT TIN VINTAGE LEAF,2.49
35638B,PINK/BLUE STRING CURTAIN ,1.95
47566,PARTY BUNTING,4.3
22504,CABIN BAG VINTAGE RETROSPOT,24.95
23346,SPACEBOY BEAKER,1.25
23335,EGG FRYING PAN IVORY ,1.85
23237,SET OF 4 KNICK KNACK TINS LEAF,3.75
79321,CHILLI LIGHTS,4.65
23315,IVORY REFECTORY CLOCK,8.15
85179C,PINK BITTY LIGHT CHAIN,4.65
84536B,FAIRY CAKES NOTEBOOK A7 SIZE,0.32
23186,FRENCH STYLE STORAGE JAR CAFE ,1.04
85038,6 CHOCOLATE LOVE HEART T-LIGHTS,1.85
84535B,FAIRY CAKES NOTEBOOK A6 SIZE,0.42
22758,LARGE PURPLE BABUSHKA NOTEBOOK  ,1.06
22756,LARGE YELLOW BABUSHKA NOTEBOOK ,1.06
20982,12 PENCILS TALL TUBE SKULLS,0.72
23350,ROLL WRAP VINTAGE SPOT ,1.25
23438,GIFT BAG LARGE SPOT ,1.25
23275,SET OF 3 HANGING OWLS OLLIE BEAK,1.04
23332,IVORY WICKER HEART LARGE,1.65
23332,IVORY WICKER HEART LARGE,1.45
22138,BAKING SET 9 PIECE RETROSPOT ,0.7
23346,SPACEBOY BEAKER,1.08
21544,SKULLS  WATER TRANSFER TATTOOS ,0.65
22811,SET OF 6 T-LIGHTS CACTI ,2.55
35817P,PINK ACRYLIC JEWEL SNOWFLAKE,0.38
35816P,"ACRYLIC JEWEL ANGEL,PINK",0.38
21794,CLASSIC FRENCH STYLE BASKET NATURAL,2.0
85185B,PINK HORSE SOCK PUPPET,2.55
35818B,"ACRYLIC JEWEL ICICLE, BLUE",0.38
23286,BLUE VINTAGE SPOT BEAKER,1.08
23288,GREEN VINTAGE SPOT BEAKER,1.08
23285,PINK VINTAGE SPOT BEAKER,1.08
22979,PANTRY WASHING UP BRUSH,1.65
22978,PANTRY ROLLING PIN,4.02
23298,SPOTTY BUNTING,5.14
23243,SET OF TEA COFFEE SUGAR TINS PANTRY,5.15
22738,RIBBON REEL SNOWY VILLAGE,1.45
85104,SILVER GLASS T-LIGHT SET,2.55
35916B,BLUE FELT HANGING HEART WITH FLOWER,0.85
23358,HOT STUFF HOT WATER BOTTLE,3.75
23356,LOVE HOT WATER BOTTLE,5.95
23350,ROLL WRAP VINTAGE SPOT ,1.04
22955,36 FOIL STAR CAKE CASES ,0.0
16225,RATTLE SNAKE EGGS,3.29
35819B,"ACRYLIC HANGING JEWEL,BLUE",0.38
84968A,SET OF 16 VINTAGE ROSE CUTLERY,10.95
84968E,SET OF 16 VINTAGE BLACK CUTLERY,10.95
84968F,SET OF 16 VINTAGE SKY BLUE CUTLERY,10.95
20767,BLUE PAISLEY JOURNAL ,2.1
23356,LOVE HOT WATER BOTTLE,4.95
23358,HOT STUFF HOT WATER BOTTLE,3.29
22376,AIRLINE BAG VINTAGE JET SET WHITE,3.95
84378,SET OF 3 HEART COOKIE CUTTERS,1.45
84380,SET OF 3 BUTTERFLY COOKIE CUTTERS,1.45
23551,PACK OF 12 PAISLEY PARK TISSUES ,0.39
21967,PACK OF 12 SKULL TISSUES,0.39
21982,PACK OF 12 SUKI TISSUES ,0.39
22113,GREY HEART HOT WATER BOTTLE,4.25
22178,VICTORIAN GLASS HANGING T-LIGHT,1.65
21481,FAWN BLUE HOT WATER BOTTLE,3.75
21984,PACK OF 12 PINK PAISLEY TISSUES ,0.39
22178,VICTORIAN GLASS HANGING T-LIGHT,1.95
22446,PIN CUSHION BABUSHKA PINK,2.46
51014A,"FEATHER PEN,HOT PINK",0.83
84051,ASS COLOUR GLOWING TIARAS,0.64
23396,BUTTERFLY CUSHION COVER,3.75
22230,JIGSAW TREE WITH WATERING CAN,0.78
23089,GLASS BON BON JAR,1.95
21484,CHICK GREY HOT WATER BOTTLE,4.25
23411, TRELLIS COAT RACK,4.95
23398,HANGING HEART BONHEUR,0.85
21479,WHITE SKULL HOT WATER BOTTLE ,4.25
22614,PACK OF 12 SPACEBOY TISSUES,0.39
23381,PACK OF 12 VINTAGE LEAF TISSUES ,0.39
23267,SET OF 4 SANTA PLACE SETTINGS,1.04
21983,PACK OF 12 BLUE PAISLEY TISSUES ,0.39
90019C,SILVER BLACK ORBIT BRACELET,4.95
22466,FAIRY TALE COTTAGE NIGHT LIGHT,1.95
23423,PANTRY 3 HOOK ROLLING PIN HANGER,3.75
23421,PANTRY HOOK SPATULA,2.08
23422,PANTRY HOOK BALLOON WHISK ,2.08
23275,SET OF 3 HANGING OWLS OLLIE BEAK,2.46
84992,72 SWEETHEART FAIRY CAKE CASES,1.25
85049H,URBAN BLACK RIBBONS ,0.83
22107,PIZZA PLATE IN BOX,3.29
22109,FULL ENGLISH BREAKFAST PLATE,7.46
22420,LIPSTICK PEN BABY PINK,0.83
22422,TOOTHPASTE TUBE PEN,1.25
22703,PINK CAT BOWL,1.63
22151,PLACE SETTING WHITE HEART,1.63
22653,BUTTON BOX ,1.63
22980,PANTRY SCRUBBING BRUSH,3.29
22982,PANTRY PASTRY BRUSH,2.46
23096,PETIT TRAY CHIC,3.29
23245,SET OF 3 REGENCY CAKE TINS,10.79
51014C,"FEATHER PEN,COAL BLACK",0.83
20971,PINK BLUE FELT CRAFT TRINKET BOX,2.46
21258,VICTORIAN SEWING BOX LARGE,24.96
21564,PINK  HEART SHAPE LOVE BUCKET ,5.79
21866,UNION JACK FLAG LUGGAGE TAG,2.46
22694,WICKER STAR ,1.85
23381,PACK OF 12 VINTAGE LEAF TISSUES ,0.32
21481,FAWN BLUE HOT WATER BOTTLE,3.39
84016,FLAG OF ST GEORGE CAR FLAG,0.42
23420,PANTRY HOOK TEA STRAINER ,2.08
35819P,"ACRYLIC HANGING JEWEL,PINK",1.25
21485,RETROSPOT HEART HOT WATER BOTTLE,5.1
22138,BAKING SET 9 PIECE RETROSPOT ,5.1
22637,PIGGY BANK RETROSPOT ,2.5
22470,HEART OF WICKER LARGE,3.2
22979,PANTRY WASHING UP BRUSH,1.7
22978,PANTRY ROLLING PIN,4.18
23243,SET OF TEA COFFEE SUGAR TINS PANTRY,5.06
21811,HANGING HEART WITH BELL,0.39
21484,CHICK GREY HOT WATER BOTTLE,3.75
23411, TRELLIS COAT RACK,4.15
21888,BINGO SET,7.46
21916,SET 12 RETRO WHITE CHALK STICKS,0.83
21933,PINK VINTAGE PAISLEY PICNIC BAG,2.46
21947,SET OF 6 HEART CHOPSTICKS,2.46
21977,PACK OF 60 PINK PAISLEY CAKE CASES,1.25
21982,PACK OF 12 SUKI TISSUES ,0.83
21983,PACK OF 12 BLUE PAISLEY TISSUES ,0.83
21984,PACK OF 12 PINK PAISLEY TISSUES ,0.83
21992,VINTAGE PAISLEY STATIONERY SET,2.46
21993,FLORAL FOLK STATIONERY SET,2.46
22083,PAPER CHAIN KIT RETROSPOT,5.79
22138,BAKING SET 9 PIECE RETROSPOT ,10.79
22147,FELTCRAFT BUTTERFLY HEARTS,3.29
22174,PHOTO CUBE,3.29
22178,VICTORIAN GLASS HANGING T-LIGHT,2.46
22185,SLATE TILE NATURAL HANGING,3.29
22207,FRYING PAN UNION FLAG,8.29
22362,GLASS JAR PEACOCK BATH SALTS,5.79
22371,AIRLINE BAG VINTAGE TOKYO 78,8.29
10135,COLOURING PENCILS BROWN TUBE,2.46
16258A,SWIRLY CIRCULAR RUBBERS IN BAG,0.83
20655,QUEEN OF SKIES LUGGAGE TAG,2.46
20723,STRAWBERRY CHARLOTTE BAG,1.63
20767,BLUE PAISLEY JOURNAL ,4.96
22417,PACK OF 60 SPACEBOY CAKE CASES,1.25
22418,10 COLOUR SPACEBOY PEN,1.63
22421,LIPSTICK PEN FUSCHIA,0.83
22439,6 ROCKET BALLOONS ,1.25
22449,SILK PURSE BABUSHKA PINK,2.46
22557,PLASTERS IN TIN VINTAGE PAISLEY ,3.29
22568,FELTCRAFT CUSHION OWL,7.46
22569,FELTCRAFT CUSHION BUTTERFLY,7.46
22570,FELTCRAFT CUSHION RABBIT,7.46
22584,PACK OF 6 PANNETONE GIFT BOXES,4.96
22623,BOX OF VINTAGE JIGSAW BLOCKS ,12.46
22652,TRAVEL SEWING KIT,3.29
22738,RIBBON REEL SNOWY VILLAGE,3.29
22748,POPPY'S PLAYHOUSE KITCHEN,4.13
22752,SET 7 BABUSHKA NESTING BOXES,16.63
22758,LARGE PURPLE BABUSHKA NOTEBOOK  ,2.46
22759,SET OF 3 NOTEBOOKS IN PARCEL,3.29
22809,SET OF 6 T-LIGHTS SANTA,5.79
22964,3 PIECE SPACEBOY COOKIE CUTTER SET,4.13
22979,PANTRY WASHING UP BRUSH,3.29
23014,GLASS APOTHECARY BOTTLE ELIXIR,8.29
23119,PACK OF 6 LARGE FRUIT STRAWS ,1.25
23170,REGENCY TEA PLATE ROSES ,3.29
23171,REGENCY TEA PLATE GREEN ,3.29
23176,ABC TREASURE BOOK BOX ,4.58
23215,JINGLE BELL HEART ANTIQUE SILVER,4.13
23217,LAUREL HEART ANTIQUE SILVER,2.46
23219,LAUREL STAR ANTIQUE SILVER ,2.46
35970,ZINC FOLKART SLEIGH BELLS,4.13
47504H,ENGLISH ROSE SPIRIT LEVEL ,3.29
51014L,"FEATHER PEN,LIGHT PINK",0.83
79321,CHILLI LIGHTS,12.46
82616B,FRAPPUCINO SCARF KNITTING KIT,2.46
84030E,ENGLISH ROSE HOT WATER BOTTLE,8.29
84031B,CHARLIE LOLA BLUE HOT WATER BOTTLE ,4.13
84032A,CHARLIE+LOLA PINK HOT WATER BOTTLE,3.29
84050,PINK HEART SHAPE EGG FRYING PAN,4.13
84378,SET OF 3 HEART COOKIE CUTTERS,2.46
84380,SET OF 3 BUTTERFLY COOKIE CUTTERS,2.46
84510A,SET OF 4 ENGLISH ROSE COASTERS,2.46
84692,BOX OF 24 COCKTAIL PARASOLS,0.83
84946,ANTIQUE SILVER T-LIGHT GLASS,2.46
85038,6 CHOCOLATE LOVE HEART T-LIGHTS,4.13
20961,STRAWBERRY BATH SPONGE ,2.46
20963,APPLE BATH SPONGE,2.46
21078,SET/20 STRAWBERRY PAPER NAPKINS ,1.63
21084,SET/6 COLLAGE PAPER CUPS,0.83
21090,SET/6 COLLAGE PAPER PLATES,0.83
21212,PACK OF 72 RETROSPOT CAKE CASES,1.25
21328,BALLOONS  WRITING SET ,3.29
85168B,BLACK BAROQUE CARRIAGE CLOCK,8.29
21557,SET OF 6 FUNKY BEAKERS,5.79
21559,STRAWBERRY LUNCH BOX WITH CUTLERY,4.96
21676,FLOWERS  STICKERS,1.63
21677,HEARTS  STICKERS,1.63
21832,CHOCOLATE CALCULATOR,3.29
21352,EUCALYPTUS & PINECONE  WREATH,2.95
23367,SET 12 COLOUR PENCILS SPACEBOY ,0.65
23371,SET 36 COLOUR PENCILS SPACEBOY ,1.25
23243,SET OF TEA COFFEE SUGAR TINS PANTRY,3.39
22843,BISCUIT TIN VINTAGE GREEN,4.67
35964,FOLKART CLIP ON STARS,0.39
44242B,PINK FEATHERS CURTAIN,0.79
21055,TOOL BOX SOFT TOY ,16.63
21216,"SET 3 RETROSPOT TEA,COFFEE,SUGAR",10.79
21356,TOAST ITS - FAIRY FLOWER,0.83
21576,LETS GO SHOPPING COTTON TOTE BAG,4.96
21787,RAIN PONCHO RETROSPOT,1.63
21811,HANGING HEART WITH BELL,2.46
21899,GARAGE KEY FOB,1.63
22260,FELT EGG COSY BLUE RABBIT ,1.63
22261,FELT EGG COSY WHITE RABBIT ,1.63
22269,EGG CUP NATURAL CHICKEN,0.83
22352,LUNCH BOX WITH CUTLERY RETROSPOT ,4.96
22357,KINGS CHOICE BISCUIT TIN,4.13
22379,RECYCLING BAG RETROSPOT ,4.13
22431,WATERING CAN BLUE ELEPHANT,4.13
22446,PIN CUSHION BABUSHKA PINK,6.63
22493,PAINT YOUR OWN CANVAS SET,3.29
22558,CLOTHES PEGS RETROSPOT PACK 24 ,3.29
22624,IVORY KITCHEN SCALES,16.63
22629,SPACEBOY LUNCH BOX ,4.13
22721,SET OF 3 CAKE TINS SKETCHBOOK,10.79
22811,SET OF 6 T-LIGHTS CACTI ,5.79
22843,BISCUIT TIN VINTAGE GREEN,13.29
23084,RABBIT NIGHT LIGHT,4.13
84661B,BLACK SQUARE TABLE CLOCK,4.96
20619,TROPICAL PASSPORT COVER ,4.13
20657,TROPICAL LUGGAGE TAG,2.46
90028,NEW BAROQUE LARGE NECKLACE BLK/WHIT,8.5
90149,SILVER FLOWR PINK SHELL NECKLACE,6.36
23524,HORSE & PONY WALL ART,3.75
23535,BICYCLE SAFTEY WALL ART,5.95
23534,STOP FOR TEA WALL ART,5.95
35819P,"ACRYLIC HANGING JEWEL,PINK",0.38
21675,BUTTERFLIES STICKERS,1.63
21744,SNOWFLAKE PORTABLE TABLE LIGHT ,5.79
21794,CLASSIC FRENCH STYLE BASKET NATURAL,7.46
21881,CUTE CATS TAPE,1.63
21948,SET OF 6 CAKE CHOPSTICKS,2.46
22096,PINK PAISLEY SQUARE TISSUE BOX ,2.46
22107,PIZZA PLATE IN BOX,7.46
22113,GREY HEART HOT WATER BOTTLE,7.46
22269,EGG CUP NATURAL CHICKEN,2.46
22296,HEART IVORY TRELLIS LARGE,3.29
22800,ANTIQUE TALL SWIRLGLASS TRINKET POT,7.46
23172,REGENCY TEA PLATE PINK,3.29
47566,PARTY BUNTING,10.79
20717,STRAWBERRY SHOPPER BAG,2.46
20829,GLITTER HANGING BUTTERFLY STRING,4.13
20838,FRENCH LATTICE CUSHION COVER ,3.29
20839,FRENCH PAISLEY CUSHION COVER ,3.29
20840,FRENCH FLORAL CUSHION COVER ,3.29
20986,BLUE CALCULATOR RULER,2.46
22470,HEART OF WICKER LARGE,1.97
23539,WALL ART LOVES' SECRET ,3.88
23534,STOP FOR TEA WALL ART,3.88
23535,BICYCLE SAFTEY WALL ART,3.88
23542,70'S ALPHABET WALL ART,6.67
23528,SPACEBOY WALL ART,2.66
23322,LARGE WHITE HEART OF WICKER,1.97
23133,LARGE IVORY HEART WALL ORGANISER,5.66
23530,WALL ART ONLY ONE PERSON ,3.58
23538,WALL ART VINTAGE HEART,3.58
23523,TREASURE AHOY WALL ART,2.66
23524,HORSE & PONY WALL ART,2.66
23531,WALL ART BIG LOVE ,4.77
23523,TREASURE AHOY WALL ART,3.75
23528,SPACEBOY WALL ART,3.75
23536,VILLAGE SHOW WALL ART,5.95
23542,70'S ALPHABET WALL ART,8.25
22113,GREY HEART HOT WATER BOTTLE,3.32
22178,VICTORIAN GLASS HANGING T-LIGHT,0.9
23536,VILLAGE SHOW WALL ART,5.35
23525,BUFFALO BILL WALL ART ,3.29
23531,WALL ART BIG LOVE ,6.95
23538,WALL ART VINTAGE HEART,4.95
23535,WALL ART BICYCLE SAFTEY ,5.95
23536,VILLAGE SHOW WALL ART,3.89
23525,WALL ART BUFFALO BILL ,2.66
23539,WALL ART LOVES' SECRET ,5.95
23536,WALL ART VILLAGE SHOW ,5.95
23534,WALL ART STOP FOR TEA ,5.95
23530,WALL ART ONLY ONE PERSON ,4.95
23531,WALL ART BIG LOVE ,6.25
23535,WALL ART BICYCLE SAFTEY ,5.35
23542,WALL ART 70'S ALPHABET ,8.25
23525,BUFFALO BILL WALL ART ,3.75
23524,WALL ART HORSE & PONY ,3.75
23525,WALL ART BUFFALO BILL ,3.75
85185B,PINK HORSE SOCK PUPPET KIT,2.95
22045,SPACEBOY GIFT WRAP,0.36
16156S,WRAP PINK FAIRY CAKES ,0.36
23501,KEY RING BASEBALL BOOT UNION JACK,1.04
23538,WALL ART VINTAGE HEART,4.15
23524,HORSE & PONY WALL ART,3.29
23523,TREASURE AHOY WALL ART,3.29
23534,STOP FOR TEA WALL ART,5.35
23535,BICYCLE SAFTEY WALL ART,5.35
23542,70'S ALPHABET WALL ART,7.45
23371,SET 36 COLOUR PENCILS SPACEBOY ,1.06
20978,36 PENCILS TUBE SKULLS,1.06
23535,WALL ART BICYCLE SAFETY,5.95
23528,WALL ART SPACEBOY,3.75
23501,KEY RING BASEBALL BOOT UNION JACK,1.25
22389,PAPERWEIGHT SAVE THE PLANET,2.1
23530,WALL ART ONLY ONE PERSON ,4.15
23539,"WALL ART , LOVES' SECRET ",5.95
23530,"WALL ART,ONLY ONE PERSON ",4.95
23534,WALL ART STOP FOR TEA ,5.35
84031B,CHARLIE LOLA BLUE HOT WATER BOTTLE ,1.95
22176,BLUE OWL SOFT TOY,2.55
22377,BOTTLE BAG RETROSPOT ,1.65
22503,CABIN BAG VINTAGE PAISLEY,24.95
23298,SPOTTY BUNTING,3.74
47566,PARTY BUNTING,3.74
79157V,UBO-LIGHT TRIOBASE PURPLE,0.85
90071,RUBY GLASS CLUSTER EARRINGS,1.25
23048,SET OF 10 LANTERNS FAIRY LIGHT STAR,3.75
85179A,GREEN BITTY LIGHT CHAIN,1.25
23040,PAPER LANTERN 9 POINT SNOW STAR ,4.95
23447,PINK BUNNY EASTER EGG BASKET,1.65
23446,BLUE BUNNY EASTER EGG BASKET,1.65
20986,BLUE CALCULATOR RULER,1.06
21613,S/12 VANILLA  BOTANICAL T-LIGHTS,2.55
21025,SPACE FROG,2.46
21028,NINJA RABBIT BLACK,2.46
21112,SWISS ROLL TOWEL PINK  SPOTS,5.79
21356,TOAST ITS - FAIRY FLOWER,2.46
21485,RETROSPOT HEART HOT WATER BOTTLE,10.79
22090,PAPER BUNTING RETROSPOT,5.79
22112,CHOCOLATE HOT WATER BOTTLE,10.79
22445,PENCIL CASE LIFE IS BEAUTIFUL,5.79
22551,PLASTERS IN TIN SPACEBOY,3.29
22626,BLACK KITCHEN SCALES,16.63
22668,PINK BABY BUNTING,5.79
23127,FELTCRAFT GIRL NICOLE KIT,10.79
23193,BUFFALO BILL TREASURE BOOK BOX,4.58
23205,CHARLOTTE BAG VINTAGE ALPHABET ,1.63
23217,LAUREL HEART ANTIQUE SILVER,2.5
23308,SET OF 60 VINTAGE LEAF CAKE CASES ,1.25
47471,RAINBOW PEGS PHOTO CLIP STRING,1.46
84673B,BLUE FLY SWAT,1.63
85049G,CHOCOLATE BOX RIBBONS ,2.46
85049H,URBAN BLACK RIBBONS ,2.46
20728,LUNCH BAG CARS BLUE,4.13
16225,RATTLE SNAKE EGGS,1.06
90200E,GREEN SWEETHEART BRACELET,3.75
90200D,PINK SWEETHEART BRACELET,3.75
23523,WALL ART TREASURE AHOY ,3.75
23127,FELTCRAFT GIRL NICOLE KIT,4.15
22656,VINTAGE BLUE KITCHEN CABINET,50.0
23567,EGG CUP HENRIETTA HEN PINK,1.25
23487,SWEET HEART CAKE CARRIER,9.95
23128,FELTCRAFT BOY JEAN-PAUL KIT,4.15
23463,VINTAGE ZINC WATERING CAN,9.95
21111,"SWISS ROLL TOWEL, CHOCOLATE  SPOTS",2.55
21110,LARGE CAKE TOWEL PINK SPOTS,5.95
21109,LARGE CAKE TOWEL CHOCOLATE SPOTS,5.95
84600,NEW BAROQUE JEWELLERY BOX ,6.95
21625,VINTAGE UNION JACK APRON,5.95
21628,TRIANGULAR POUFFE VINTAGE ,12.75
21630,FLOOR CUSHION ELEPHANT CARNIVAL,7.95
85168B,BLACK BAROQUE CARRIAGE CLOCK,8.5
85163A,WHITE BAROQUE WALL CLOCK ,10.95
23128,FELTCRAFT BOY JEAN-PAUL KIT,4.18
22442,GROW YOUR OWN FLOWERS SET OF 3,6.75
23467,VINTAGE ZINC PLANTER  ,3.29
85179C,PINK BITTY LIGHT CHAIN,1.25
23479,WIRE EGG BASKET ,7.85
21390,FILIGRIS HEART WITH BUTTERFLY,2.46
21793,CLASSIC FRENCH STYLE BASKET BROWN,7.46
22099,CARAVAN SQUARE TISSUE BOX,2.46
22308,TEA COSY BLUE STRIPE,4.96
22333,RETROSPOT PARTY BAG + STICKER SET,3.29
22470,HEART OF WICKER LARGE,5.79
22956,36 FOIL HEART CAKE CASES,4.13
84535B,FAIRY CAKES NOTEBOOK A6 SIZE,1.46
85104,SILVER GLASS T-LIGHT SET,5.79
85178,VICTORIAN SEWING KIT,2.46
23367,SET 12 COLOUR PENCILS SPACEBOY ,0.55
23523,WALL ART TREASURE AHOY ,3.29
23524,WALL ART HORSE & PONY ,3.29
23525,WALL ART BUFFALO BILL ,3.29
23528,WALL ART SPACEBOY,3.29
23539,WALL ART LOVES' SECRET ,5.35
23398,HANGING HEART BONHEUR,0.72
22466,FAIRY TALE COTTAGE NIGHT LIGHT,1.65
21679,SKULLS  STICKERS,0.72
21675,BUTTERFLIES STICKERS,0.72
21677,HEARTS  STICKERS,0.72
23491,VINTAGE JINGLE BELLS HEART,8.25
23492,VINTAGE JINGLE BELLS WREATH,8.25
22175,PINK OWL SOFT TOY,2.55
23486,ANTIQUE HEART SHELF UNIT,16.65
90025F,BAROQUE BUTTERFLY EARRINGS CRYSTAL,3.75
22133,PINK LOVE HEART SHAPE CUP,0.72
23525,WALL ART BUFFALO BILL ,2.65
23530,WALL ART ONLY ONE PERSON ,3.57
23305,SET 4 PICNIC CUTLERY BLUEBERRY,1.95
90180A,BLACK+WHITE NECKLACE W TASSEL,2.95
20617,FIRST CLASS PASSPORT COVER ,4.13
21481,FAWN BLUE HOT WATER BOTTLE,5.79
22360,GLASS JAR ENGLISH CONFECTIONERY,5.79
22377,BOTTLE BAG RETROSPOT ,4.13
22393,PAPERWEIGHT VINTAGE COLLAGE,4.96
22468,BABUSHKA LIGHTS STRING OF 10,13.29
22582,PACK OF 6 SWEETIE GIFT BOXES,4.96
23048,SET OF 10 LANTERNS FAIRY LIGHT STAR,8.29
23083,SET 6 PAPER TABLE LANTERN STARS ,7.46
84536B,FAIRY CAKES NOTEBOOK A7 SIZE,0.83
23583,LUNCH BAG PAISLEY PARK  ,1.65
79157B,UBO-LIGHT TRIOBASE BLUE,0.85
23486,ANTIQUE HEART SHELF UNIT,14.55
23583,LUNCH BAG PAISLEY PARK  ,1.45
90146,FINE SILVER NECKLACE W PASTEL FLOWE,3.75
90032,IVORY SHELL HEART NECKLACE,3.13
23542,WALL ART 70'S ALPHABET ,7.45
23084,RABBIT NIGHT LIGHT,1.67
23304,SET 4 PICNIC CUTLERY CHERRY ,1.95
23243,SET OF TEA COFFEE SUGAR TINS PANTRY,1.71
20762,GREEN FERN SKETCHBOOK ,7.46
20764,ABSTRACT CIRCLES SKETCHBOOK ,7.46
21026,SPACE OWL,2.46
21883,STARS GIFT TAPE ,1.63
22081,RIBBON REEL FLORA + FAUNA ,3.29
22262,FELT EGG COSY CHICKEN,1.63
22280,POCKET BAG PINK PAISELY BROWN SPOT,2.46
22563,HAPPY STENCIL CRAFT,2.46
22614,PACK OF 12 SPACEBOY TISSUES,0.83
22637,PIGGY BANK RETROSPOT ,4.96
22696,WICKER WREATH LARGE,4.13
23140,TRIPLE WIRE HOOK IVORY HEART,8.29
23153,ZINC SWEETHEART WIRE LETTER RACK,7.46
23164,REGENCY CAKE SLICE,9.96
23174,REGENCY SUGAR BOWL GREEN,8.29
23227,FILIGREE HEART BUTTERFLY WHITE ,2.46
84519B,CARROT CHARLIE+LOLA COASTER SET,5.79
84884A,ANT WHITE WIRE HEART SPIRAL,8.29
16161P,WRAP ENGLISH ROSE ,0.36
21982,PACK OF 12 SUKI TISSUES ,0.32
23487,SWEET HEART CAKE CARRIER,8.25
23479,WIRE EGG BASKET ,6.65
90069,RUBY GLASS CLUSTER NECKLACE,7.5
23542,WALL ART 70'S ALPHABET ,6.67
23536,WALL ART VILLAGE SHOW ,3.88
23534,WALL ART STOP FOR TEA ,3.88
23528,WALL ART SPACEBOY,2.66
23535,WALL ART BICYCLE SAFETY,3.88
23524,WALL ART HORSE & PONY ,2.66
51014A,"FEATHER PEN,HOT PINK",0.2
51014L,"FEATHER PEN,LIGHT PINK",0.2
10135,COLOURING PENCILS BROWN TUBE,0.25
22112,CHOCOLATE HOT WATER BOTTLE,4.04
23479,WIRE EGG BASKET ,6.95
79161A,ST GEORGE SET OF 10 PARTY LIGHTS,2.95
23692,WRAP A PRETTY THANK YOU,0.42
22437,SET OF 9 BLACK SKULL BALLOONS,0.0
22089,PAPER BUNTING VINTAGE PAISLEY,0.0
22066,LOVE HEART TRINKET POT,3.29
22152,PLACE SETTING WHITE STAR,1.63
22613,PACK OF 20 SPACEBOY NAPKINS,1.63
23013,GLASS APOTHECARY BOTTLE TONIC,8.29
71270,PHOTO CLIP LINE,2.46
84926E,FLOWERS TILE COASTER,2.46
85177,BASKET OF FLOWERS SEWING KIT,1.63
20985,HEART CALCULATOR,2.46
23535,WALL ART BICYCLE SAFETY,5.35
23598,PAPER BUNTING VINTAGE PARTY,2.95
23597,PAPER BUNTING PAISLEY PARK,2.95
22979,PANTRY WASHING UP BRUSH,1.93
23243,SET OF TEA COFFEE SUGAR TINS PANTRY,5.17
15044A,PINK PAPER PARASOL ,5.79
21949,SET OF 6 STRAWBERRY CHOPSTICKS,2.46
22179,SET 10 NIGHT OWL LIGHTS,13.29
22376,AIRLINE BAG VINTAGE JET SET WHITE,8.29
22564,ALPHABET STENCIL CRAFT,2.46
22756,LARGE YELLOW BABUSHKA NOTEBOOK ,2.46
22786,CUSHION COVER PINK UNION JACK,15.79
22938,CUPCAKE LACE PAPER SET 6,4.13
23089,GLASS BON BON JAR,3.29
23322,LARGE WHITE HEART OF WICKER,5.79
23336,EGG FRYING PAN PINK ,4.13
84536A,ENGLISH ROSE NOTEBOOK A7 SIZE,0.83
85179A,GREEN BITTY LIGHT CHAIN,9.13
23449,SET OF 6 EASTER RAINBOW CHICKS,1.25
21758,VINTAGE SHELLS PRINT,5.95
23428,IVORY RETRO KITCHEN WALL CLOCK,8.15
21199,PINK  HEART CONFETTI IN TUBE,1.45
21198,WHITE HEART CONFETTI IN TUBE,1.45
22584,PACK OF 6 PANETTONE GIFT BOXES,2.1
23428,IVORY RETRO KITCHEN WALL CLOCK,7.05
22584,PACK OF 6 PANETTONE GIFT BOXES,2.55
23430,BLUE RETRO KITCHEN WALL CLOCK,8.15
22152,PLACE SETTING WHITE STAR,0.36
21484,CHICK GREY HOT WATER BOTTLE,7.46
22133,PINK LOVE HEART SHAPE CUP,1.63
16216,LETTER SHAPE PENCIL SHARPENER,0.42
20761,BLUE PAISLEY SKETCHBOOK,7.46
22723,SET OF 6 HERB TINS SKETCHBOOK,8.29
22785,SQUARECUSHION COVER PINK UNION JACK,16.63
23128,FELTCRAFT BOY JEAN-PAUL KIT,10.79
23173,REGENCY TEAPOT ROSES ,19.96
85095,THREE CANVAS LUGGAGE TAGS,4.13
22125,UNION JACK HOT WATER BOTTLE ,5.95
90130A,WHITE STONE/CRYSTAL EARRINGS,2.95
23440,PAINT YOUR OWN EGGS IN CRATE,2.08
23552,BICYCLE PUNCTURE REPAIR KIT ,2.08
23498,CLASSIC BICYCLE CLIPS ,1.45
23580,SNACK TRAY HAPPY FOREST  ,1.95
23575,SNACK TRAY PAISLEY PARK,1.95
23560,SET OF 6 RIBBONS COUNTRY STYLE,2.89
23562,SET OF 6 RIBBONS PERFECTLY PRETTY  ,2.89
23561,SET OF 6 RIBBONS PARTY,2.89
23552,BICYCLE PUNCTURE REPAIR KIT ,1.79
23498,CLASSIC BICYCLE CLIPS ,1.25
23597,PAPER BUNTING PAISLEY PARK,2.55
20768,GREEN FERN JOURNAL ,2.1
21867,PINK UNION JACK  LUGGAGE TAG,2.46
22584,PACK OF 6 PANETTONE GIFT BOXES,4.96
22622,BOX OF VINTAGE ALPHABET BLOCKS,24.96
22978,PANTRY ROLLING PIN,7.46
23162,REGENCY TEA STRAINER,7.46
21063,PARTY INVITES JAZZ HEARTS,1.63
23243,SET OF TEA COFFEE SUGAR TINS PANTRY,5.13
22811,SET OF 6 T-LIGHTS CACTI ,2.42
79321,CHILLI LIGHTS,4.7
16258A,SWIRLY CIRCULAR RUBBERS IN BAG,0.19
84032A,CHARLIE+LOLA PINK HOT WATER BOTTLE,0.79
35964,FOLKART CLIP ON STARS,2.1
22758,LARGE PURPLE BABUSHKA NOTEBOOK  ,0.39
22802,FAUX FUR CHOCOLATE THROW,7.95
23358,HOT STUFF HOT WATER BOTTLE,1.25
22956,36 FOIL HEART CAKE CASES,0.79
23235,STORAGE TIN VINTAGE LEAF,1.25
23239,SET OF 4 KNICK KNACK TINS POPPIES,1.65
22442,GROW YOUR OWN FLOWERS SET OF 3,1.95
22107,PIZZA PLATE IN BOX,1.25
22422,TOOTHPASTE TUBE PEN,0.12
22703,PINK CAT BOWL,0.59
16225,RATTLE SNAKE EGGS,0.39
22811,SET OF 6 T-LIGHTS CACTI ,1.25
84031B,CHARLIE LOLA BLUE HOT WATER BOTTLE ,1.25
84661C,PINK SQUARE TABLE CLOCK,0.79
84661B,BLACK SQUARE TABLE CLOCK,0.79
84510E,SET OF 4 GREEN CAROUSEL COASTERS,0.21
22799,SWEETHEART WIRE FRUIT BOWL,2.95
22721,SET OF 3 CAKE TINS SKETCHBOOK,1.95
22723,SET OF 6 HERB TINS SKETCHBOOK,1.25
22393,PAPERWEIGHT VINTAGE COLLAGE,0.39
22446,PIN CUSHION BABUSHKA PINK,1.25
22389,PAPERWEIGHT SAVE THE PLANET,0.39
22395,PAPERWEIGHT VINTAGE PAISLEY,0.39
22756,LARGE YELLOW BABUSHKA NOTEBOOK ,0.39
22185,SLATE TILE NATURAL HANGING,0.79
22752,SET 7 BABUSHKA NESTING BOXES,3.95
22068,BLACK PIRATE TREASURE CHEST,0.39
22069,BROWN  PIRATE TREASURE CHEST ,0.39
23139,SINGLE WIRE HOOK PINK HEART,0.39
22955,36 FOIL STAR CAKE CASES ,0.79
84661A,WHITE SQUARE TABLE CLOCK,0.79
21564,PINK  HEART SHAPE LOVE BUCKET ,0.79
22785,SQUARECUSHION COVER PINK UNION JACK,1.25
22786,CUSHION COVER PINK UNION JACK,1.25
22447,PIN CUSHION BABUSHKA BLUE,1.25
90214S,"LETTER ""S"" BLING KEY RING",0.29
23141,TRIPLE WIRE HOOK PINK HEART,0.79
90214L,"LETTER ""L"" BLING KEY RING",0.29
90214A,"LETTER ""A"" BLING KEY RING",0.29
90214B,"LETTER ""B"" BLING KEY RING",0.29
90214C,"LETTER ""C"" BLING KEY RING",0.29
90214E,"LETTER ""E"" BLING KEY RING",0.29
90214G,"LETTER ""G"" BLING KEY RING",0.29
90214H,"LETTER ""H"" BLING KEY RING",0.29
90214J,"LETTER ""J"" BLING KEY RING",0.29
90214K,"LETTER ""K"" BLING KEY RING",0.29
90214F,"LETTER ""F"" BLING KEY RING",0.29
90214I,"LETTER ""I"" BLING KEY RING",0.29
90214N,"LETTER ""N"" BLING KEY RING",0.29
90214O,"LETTER ""O"" BLING KEY RING",0.29
90214P,"LETTER ""P"" BLING KEY RING",0.29
90214R,"LETTER ""R"" BLING KEY RING",0.29
90214T,"LETTER ""T"" BLING KEY RING",0.29
90214U,"LETTER ""U"" BLING KEY RING",0.29
90214V,"LETTER ""V"" BLING KEY RING",0.29
90214W,"LETTER ""W"" BLING KEY RING",0.29
90214Y,"LETTER ""Y"" BLING KEY RING",0.29
90214Z,"LETTER ""Z"" BLING KEY RING",0.29
84884A,ANT WHITE WIRE HEART SPIRAL,1.95
23143,ZINC WIRE KITCHEN ORGANISER,3.95
20768,GREEN FERN JOURNAL ,4.96
21051,RIBBONS PURSE ,4.13
21621,VINTAGE UNION JACK BUNTING,16.63
21625,VINTAGE UNION JACK APRON,14.13
22359,GLASS JAR KINGS CHOICE,5.79
22432,WATERING CAN PINK BUNNY,4.13
22653,BUTTON BOX ,4.13
84661A,WHITE SQUARE TABLE CLOCK,4.96
84968E,SET OF 16 VINTAGE BLACK CUTLERY,24.96
23598,PAPER BUNTING VINTAGE PARTY,2.55
85104,SILVER GLASS T-LIGHT SET,1.25
22394,PAPERWEIGHT KINGS CHOICE ,0.39
23137,ZINC WIRE SWEETHEART LETTER TRAY,1.25
23498,CLASSIC BICYCLE CLIPS ,1.38
23552,BICYCLE PUNCTURE REPAIR KIT ,1.86
23486,ANTIQUE HEART SHELF UNIT,13.35
21420,OYSTER TRINKET BOX,0.79
23575,SNACK TRAY PAISLEY PARK,1.65
23446,BLUE BUNNY EASTER EGG BASKET,1.45
23440,PAINT YOUR OWN EGGS IN CRATE,1.79
23560,SET OF 6 RIBBONS COUNTRY STYLE,2.49
23561,SET OF 6 RIBBONS PARTY,2.49
23562,SET OF 6 RIBBONS PERFECTLY PRETTY  ,2.49
23447,PINK BUNNY EASTER EGG BASKET,1.45
22808,SET OF 6 T-LIGHTS EASTER CHICKS,1.25
23531,WALL ART BIG LOVE ,4.76
23535,WALL ART BICYCLE SAFETY,3.9
